IZ,name,year,observed,expected,pm10,jsa,price
S02000260,Auchinairn,2007,97,98.24601631,14.026995,2.25,1.15
S02000261,Woodhill East,2007,15,45.26085014,13.30402,0.6,1.64
S02000262,Woodhill West,2007,49,92.36516784,13.30402,0.95,1.75
S02000263,Westerton East,2007,44,72.55323772,14.00985,0.35,2.385
S02000264,Bishopbriggs West and Cadder,2007,68,125.4190432,14.08074,0.8,1.645
S02000265,Westerton West,2007,24,55.04868417,14.08884,1.25,1.76
S02000266,Kessington East,2007,25,62.19395742,13.15351,0.7,2.72638
S02000267,Lenzie South,2007,24,69.33036983,12.327605,0.85,1.8505
S02000268,Bishopbriggs North and Kenmure,2007,77,133.8566888,12.66159857,0.75,1.9
S02000269,Kessington West,2007,36,83.17422511,13.538885,1,3.005
S02000270,Lenzie North,2007,69,122.6432671,12.3886225,1.1,2.08
S02000271,South Castlehill and Thorn,2007,42,90.7661316,12.9148675,0.9,2.9
S02000272,Kilmardinny West,2007,31,90.56481994,13.09278,0.5,3.05
S02000273,Kilmardinny East,2007,19,65.7206523,12.73322,0.9,2.71172
S02000274,Rosebank and Waterside,2007,38,64.76204751,11.92529,1.25,1.55498
S02000275,Kirkintilloch South,2007,45,62.56606653,12.51289,1.45,0.98
S02000276,North Castlehill and Thorn,2007,39,95.31998615,12.761805,0.6,2.1511
S02000277,Hillhead,2007,79,78.87249388,12.51523,4.5,0.975
S02000278,Torrance and Balmore,2007,27,54.89953531,11.58502867,1,2.05
S02000279,Keystone and Dougalston,2007,51,108.9217204,11.79954923,1.1,1.5225
S02000280,Harestanes,2007,58,75.36975447,12.13962,2.4,1.08
S02000281,Kirkintilloch West,2007,71,89.1283359,11.80756,1.6,1.145
S02000282,Barloch,2007,31,79.45330002,11.79997,0.8,2.19875
S02000283,Twechar and Harestanes East,2007,49,54.639617,11.39448429,2.1,1.1
S02000284,East Clober and Mains Estate,2007,53,68.01011158,12.04675,1.5,1.535
S02000285,West Clober and Mains Estate,2007,16,53.49816259,11.08216056,0.6,2.35
S02000286,Milton of Campsie,2007,51,81.08439368,10.90488143,0.85,1.625
S02000287,Lennoxtown,2007,59,89.41749168,10.42138168,2.5,1.175
S02000310,Eaglesham and Waterfoot,2007,55,98.45233085,10.39765169,0.8,1.38
S02000311,Mearnskirk and South Kirkhill,2007,58,144.5049519,11.04655625,0.6,2.94
S02000312,North Kirkhill,2007,19,63.9876724,11.91669,0.85,1.75
S02000313,"Mearns Village, Westacres and Greenfarm",2007,70,106.2674019,11.97637,1.1,1.85895
S02000314,West Neilston and Uplawmoor,2007,62,113.6471988,10.7030025,1.5,1.235
S02000316,Whitecraigs and Broom,2007,26,79.54101459,12.09315,0.7,4.3
S02000317,Clarkston and Sheddens,2007,44,117.6163295,12.79878,0.8,2.2
S02000318,Crookfur and Fruin,2007,49,126.2975654,11.976782,0.8,1.945
S02000319,Williamwood,2007,30,59.65611525,12.68933,0.5,2.4
S02000320,Stamperland,2007,40,67.16937739,12.72664,0.6,1.57298
S02000321,West Arthurlie and North Neilston,2007,72,116.4907421,11.5383,1.25,1.425
S02000322,Auchenback,2007,64,72.70789817,11.81976,3.25,0.81775
S02000323,Lower Whitecraigs and South Giffnock,2007,27,80.11605227,13.34992,0.35,3.27875
S02000324,South Thornliebank and Woodfarm,2007,65,80.86376051,13.346615,1.2,1.52
S02000325,Netherlee,2007,36,111.7400312,13.408015,0.7,2.78025
S02000326,Merrylee and Braidbar,2007,41,119.1952847,13.78247,0.6,2.0952
S02000327,North Giffnock and North Thornliebank,2007,52,94.084439,13.53038,1.1,1.4625
S02000328,"Dunterlie, East Arthurlie and Dovecothall",2007,98,117.1225938,12.11631,3,0.9
S02000329,Cross Stobbs,2007,54,70.80185046,11.91979,0.9,1.6
S02000584,Carmunnock South,2007,118,72.72480773,12.71764667,3.95,1.72495
S02000585,Glenwood South,2007,114,102.4431606,12.72441,4.65,0.9905
S02000586,Darnley West,2007,58,65.51464377,12.2803525,1.6,2.095
S02000587,Darnley East,2007,82,82.7123948,13.53271,3.6,1.14998
S02000588,Glenwood North,2007,100,70.64061501,13.54775,5.8,0.99
S02000589,Castlemilk,2007,97,101.0379847,13.47428,4,0.89998
S02000590,Darnley North,2007,47,55.19376782,12.93069,2.15,1.38
S02000591,Carmunnock North,2007,29,55.56022497,13.63396,1.5,1.5
S02000592,Carnwadric West,2007,74,88.369629,13.66712,4.35,1.2
S02000593,Muirend and Old Cathcart,2007,67,105.2131351,14.63697,1.05,1.6875
S02000594,Carnwadric East,2007,57,70.30330877,13.61213,1.8,0.95
S02000595,Kingspark South,2007,53,70.86252893,14.47882,1.45,0.92
S02000596,Newlands,2007,65,107.2040183,14.23098,2.3,1.8345
S02000597,Nitshill,2007,139,102.7741705,13.13069,4.9,0.87625
S02000598,Merrylee and Millbrae,2007,44,71.62206627,14.59056,1.2,1.81
S02000599,Cathcart,2007,55,82.54207059,14.63697,2.35,1.0595
S02000600,Kingspark North,2007,68,79.96048001,15.174,1.4,0.9728
S02000601,Crookston South,2007,85,79.67340805,13.34842,4,0.85
S02000602,Pollokshaws,2007,81,110.1062724,13.7924675,4.25,1.3
S02000603,Mount Florida,2007,57,74.67383953,15.33803,2.4,1.16
S02000604,Langside,2007,63,65.17352933,15.2156,1.5,1.41125
S02000605,Shawlands East,2007,21,50.68734285,15.2156,1.6,1.235
S02000606,Crookston North,2007,76,70.47567628,13.65778,2.6,0.95
S02000607,Battlefield,2007,67,86.80093244,15.33803,2.25,1.3
S02000608,Pollok South and West,2007,105,109.2662209,12.830025,1.35,1.50875
S02000609,Shawlands West,2007,38,60.16113978,15.32469,1.95,1.341
S02000610,Toryglen and Oatlands,2007,116,122.2784481,15.4934,5.15,0.975
S02000611,Shettleston South,2007,99,81.45125179,14.23218667,1.6,1.25
S02000612,Maxwell Park,2007,80,114.5691997,14.412275,1.05,2.7
S02000613,Carmyle and Mount Vernon South,2007,61,62.34755831,14.10911,2.85,1
S02000614,Strathbungo,2007,53,87.46305492,15.32469,2.75,1.1
S02000615,Govanhill East and Aikenhead,2007,126,79.84495627,15.4934,4.05,0.95
S02000616,Govanhill West,2007,86,95.26321483,15.55943,3.8,0.95
S02000617,Pollok North and East,2007,105,83.12069641,13.74856,4.3,0.93
S02000618,Baillieston East,2007,72,92.27315087,14.27847,2.35,1.1975
S02000619,Dalmarnock,2007,100,77.86707779,15.72773,4.75,0.715
S02000620,Braidfauld,2007,94,101.4658735,14.54026333,5.95,0.87
S02000621,Mosspark,2007,129,121.9675539,14.84441,2.05,1.35
S02000622,Pollokshields East,2007,92,70.0504767,17.13231,2.15,1.44
S02000623,Mount Vernon North and Sandyhills,2007,43,81.33331328,14.397285,0.6,1.68
S02000624,Pollokshields West,2007,49,81.97705615,16.938215,2.2,1.59
S02000625,Cardonald South and East,2007,66,74.01420044,15.12956,4.1,0.9015
S02000626,Baillieston West,2007,87,82.64892839,14.66406,2.5,0.9695
S02000627,Cardonald West and Central,2007,82,118.3828772,14.34805,2,0.975
S02000628,Gorbals and Hutchesontown,2007,125,116.5870003,16.21468,4,1.29
S02000629,Parkhead East and Braidfauld North,2007,66,54.91671862,14.58555,4.05,0.8
S02000630,Tollcross,2007,99,65.53476974,14.54417,4.5,0.725
S02000631,Kingston West and Dumbreck,2007,66,80.14748542,17.072135,3.1,1.22
S02000632,Shettleston North,2007,106,97.94902916,14.81797,4.2,0.8495
S02000633,Parkhead West and Barrowfield,2007,164,93.91668977,15.41313,6.3,0.6405
S02000634,Laurieston and Tradeston,2007,68,65.20431946,17.503705,6.5,1.32
S02000635,"Calton, Galllowgate and Bridgeton",2007,153,105.4442965,17.66064,4.05,1.1
S02000636,Garrowhill West,2007,56,88.86536504,15.05663,0.95,1.35
S02000637,Cardonald North,2007,64,85.94217432,16.70626,3.3,0.95
S02000638,Craigton,2007,116,96.77458391,16.972785,3.5,0.85
S02000639,Hillington,2007,71,69.5160353,15.91398,1.7,0.8875
S02000640,Greenfield,2007,123,114.3117918,14.81797,2.9,0.85
S02000641,Penilee,2007,117,118.9178,14.95695,3.8,1.3
S02000642,Kinning Park and Festival Park,2007,79,68.1164656,17.63508,2.2,1.105
S02000643,Old Shettleston and Parkhead North,2007,125,73.42899945,15.07222,6,0.7525
S02000644,Ibrox East and Cessnock,2007,53,59.25144309,17.01071,4.1,0.75
S02000645,Garrowhill East and Swinton,2007,41,77.59893644,15.4277,0.8,1.39
S02000646,Barlanark,2007,96,86.69569434,14.74774,4.9,0.78
S02000647,Gallowgate North and Bellgrove,2007,71,65.7577075,17.44209,3.75,1.2495
S02000648,Carntyne West and Haghill,2007,139,92.35125569,16.88901,5.05,0.7135
S02000649,Ibrox,2007,66,50.43705939,17.51575,6.3,0.89
S02000650,Dennistoun,2007,56,65.47499325,18.43163,2.75,1.18
S02000651,Anderston,2007,41,57.75301783,19.20442,2.55,1.675
S02000652,North Barlanark and Easterhouse South,2007,94,66.1999142,15.08801,8.6,0.851
S02000653,Easterhouse East,2007,75,57.54009322,14.6402,4.25,0.59555
S02000654,"Cranhill, Lightburn and Queenslie South",2007,140,121.5817347,15.68809,5.6,0.9005
S02000655,City Centre West,2007,43,63.37926038,19.61165,3.1,1.56
S02000656,Govan and Linthouse,2007,147,100.0909526,17.48228,8.35,0.74998
S02000657,Carntyne,2007,116,91.96584678,16.36042,2.2,1
S02000658,City Centre East,2007,150,164.2536309,19.48305,2.05,1.48
S02000659,Dennistoun North and Alexandra Parade,2007,157,119.2538398,17.7626,2.5,1.25
S02000660,Drumoyne and Shieldhall,2007,153,122.5443065,17.26855,4,0.9805
S02000661,Finnieston and Kelvinhaugh,2007,68,88.21439938,18.03939,2.05,1.70088
S02000662,Central Easterhouse,2007,84,59.67459562,14.50702,7.8,0.572
S02000663,Craigend and Ruchazie,2007,169,100.4622832,15.123285,5.8,0.785
S02000664,Hillhead,2007,62,91.88938906,17.11411,2.7,1.68475
S02000665,Woodlands,2007,46,80.48990457,17.64932,2.1,2
S02000666,"Roystonhill, Blochairn, and Provanmill",2007,194,117.9394241,17.66677,5.25,0.75
S02000667,Riddrie and Hogganfield,2007,121,119.4582115,15.58517333,3.4,0.95
S02000668,Glasgow Harbour and  Partick South,2007,29,44.47182123,16.63217,2.7,1.7695
S02000669,Woodside,2007,99,72.49676796,18.27658,2.6,1.35773
S02000670,Sighthill,2007,76,66.01688923,18.06273,4.9,0.79005
S02000671,Partick,2007,77,67.70705585,16.53597,3.35,1.475
S02000672,Kelvingrove and University,2007,48,75.8638293,16.5789,2.1,2.27
S02000673,Whiteinch,2007,83,57.15060614,17.42854,4.35,0.99995
S02000674,"Garthamlock, Auchinlea and Gartloch",2007,77,58.78684976,13.7755,3.7,1.37
S02000675,Firhill,2007,91,96.65871822,16.90621,4.25,1.53273
S02000676,Cowlairs and Port Dundas,2007,101,71.95882536,17.791355,4.3,1.25
S02000677,Partickhill and Hyndland,2007,26,71.40958011,15.98516,1,2.1275
S02000678,Blackhill and Barmulloch East,2007,111,66.96702581,16.214015,4.35,0.91
S02000679,Broomhill,2007,36,78.76830856,15.82762,1.35,1.91375
S02000680,Petershill,2007,97,79.73991177,16.126565,3.75,0.92
S02000681,Dowanhill,2007,37,69.84454387,15.99337,1.4,2.5
S02000682,Victoria Park,2007,25,58.06650734,15.82762,0.8,1.97625
S02000683,North Kelvin,2007,38,54.95183475,16.45,2.1,2.225
S02000684,Scotstoun South and West,2007,62,69.67907952,15.92596,4.85,0.96
S02000685,Keppochhill,2007,96,83.96388985,16.90621,7.4,1.15
S02000686,Scotstoun North and East,2007,72,86.57516654,16.19086,2.4,2.2925
S02000687,Barmulloch,2007,62,68.5966211,15.82062,5.7,1.2655
S02000688,Ruchill,2007,104,109.3069266,15.12681,2.7,1.40995
S02000689,Kelvinside and Jordanhill,2007,63,127.3734155,15.56741333,0.85,2.475
S02000690,Kelvindale,2007,59,110.187252,15.13986,1.05,2.05
S02000691,Springburn,2007,140,105.9092358,14.75077,4.6,0.859
S02000692,Possil Park,2007,173,121.7506263,14.90374,5.5,1.24
S02000693,Wyndford,2007,72,89.83036068,15.13986,7.6,0.89995
S02000694,Springburn East and Cowlairs,2007,87,83.55415608,14.87565,4.8,0.75
S02000695,Robroyston and Millerston,2007,63,98.50976337,14.3038725,0.7,1.5
S02000696,Yoker South,2007,66,64.48287867,14.71549,4.25,0.99125
S02000697,Balornock,2007,96,86.98741681,14.595835,4.3,0.90525
S02000698,Knightswood Park East,2007,70,77.57797308,15.54173,4.8,1.65
S02000699,Knightswood East,2007,95,88.90117294,14.74466,4.3,1.29998
S02000700,Maryhill West,2007,57,47.77213877,14.56112,6.9,0.925
S02000701,Milton West,2007,129,83.46774987,14.2556,4.8,0.93
S02000702,Anniesland East,2007,43,72.89744948,15.064175,1.7,1.34
S02000703,Knightswood West,2007,55,57.75339647,14.18846,3.35,1.205
S02000704,Maryhill East,2007,76,64.25042344,14.50455,5.15,1.05
S02000705,Anniesland West,2007,139,128.8885764,14.64011,2.45,1.405
S02000706,Knightswood Park West,2007,90,91.82056447,14.44582,3.7,1.15
S02000707,Yoker North,2007,98,77.5395499,14.18846,3.35,1.24998
S02000708,Milton East,2007,84,75.01145434,14.32134,5.6,0.9385
S02000709,Blairdardie East,2007,167,122.3509433,14.08884,3.7,1.1
S02000710,Summerston North,2007,100,84.25324516,14.10147,2.15,1.0725
S02000711,Blairdardie West,2007,55,63.1385782,13.89933,1.45,1.53751
S02000712,Drumchapel South,2007,73,68.15055239,13.9256,5.4,0.7
S02000713,Summerston Central and West,2007,59,67.12912205,13.27195111,2.9,1.25
S02000714,Drumry West,2007,81,64.25459594,13.24382,4.1,1.19995
S02000715,Drumchapel North,2007,70,57.6099763,13.31885,7.55,0.995
S02000716,Drumry East,2007,75,54.25439258,13.24382,7.05,1
S02000771,Kilmacolm Central,2007,35,57.6451575,10.26968,0.3,2.3325
S02000772,"Kilmacolm, Quarriers, Greenock Upper East/Central",2007,49,81.29541011,10.14502094,1.2,1.605
S02000773,Inverkip and Wemyss Bay,2007,47,93.74422128,9.894334882,1.2,1.9
S02000774,Port Glasgow Upper East,2007,101,99.39291408,10.78611,4.9,0.7525
S02000775,"Port Glasgow Mid, East and Central",2007,105,104.893213,10.9268975,6.4,0.87
S02000776,"Port Glasgow Upper, West and Central",2007,87,108.620965,11.27113,3.65,0.96
S02000777,"West Braeside, East Inverkip and West Gourock",2007,67,93.49346263,10.42594785,2.05,1.23
S02000778,Greenock East,2007,118,103.6727928,12.72873,5.15,0.83
S02000779,"Bow Farm, Barrs Cottage, Cowdenknowes and Overton",2007,56,97.98538905,11.63803,3.15,0.885
S02000780,Greenock Upper Central,2007,70,89.73324184,12.74768,5.4,0.65
S02000781,Greenock Town Centre and East Central,2007,154,132.4851057,13.17,6.3,0.82288
S02000782,"Braeside, Branchton, Lower Larkfield and Ravenscraig",2007,88,90.82690893,11.28211,6.4,0.725
S02000783,"Lower Bow & Larkfield, Fancy Farm, Mallard Bowl",2007,97,95.79069659,12.09449,5.6,0.7755
S02000784,Greenock West and Central,2007,107,126.7239639,12.90584,2.75,1
S02000785,"Gourock Central, Upper East and IRH",2007,67,94.95480563,11.81506,2.25,0.98
S02000786,Gourock Upper and West Central & Upper Larkfield,2007,40,100.4543619,10.33725,2.55,1.14
S02000787,"Gourock East, Greenock West and Lyle Road",2007,86,149.4929616,11.58356667,1,1.875
S02000923,Stepps,2007,59,110.9990418,13.081071,1.15,1.55
S02000925,Chryston and Muirhead,2007,62,84.44981313,12.67376,1.7,1.47475
S02000926,Moodiesburn West,2007,83,67.52987499,13.06351,2.4,1.64995
S02000927,Moodiesburn East,2007,47,58.76141079,12.8345,1,1.45
S02000983,Lochwinnoch,2007,48,57.91312367,10.40557,1.3,1.57
S02000984,Renfrewshire Rural South & Howwood,2007,41,70.16805611,10.45861212,0.9,2.49995
S02000985,Paisley Glenburn West,2007,98,96.49533919,12.25057,3.2,0.98
S02000986,Paisley Glenburn East,2007,60,64.970509,12.25057,2.9,1.03
S02000987,Paisley Foxbar,2007,91,109.2289327,11.82321,4.15,0.93
S02000988,Johnstone South West,2007,115,102.3882141,12.41125,3.35,1.005
S02000989,Paisley Dykebar,2007,52,68.61029584,12.40768,0.8,1.55
S02000990,Paisley South West,2007,52,100.5626999,12.4355,0.7,1.38
S02000991,Paisley South East,2007,93,135.2168833,12.872635,3.65,0.86
S02000992,Johnstone South East,2007,78,90.67356821,13.03153,3.7,0.93998
S02000993,Paisley South,2007,45,70.93326445,13.291815,0.9,1.55
S02000994,Johnstone North West,2007,104,70.35186986,12.65273,3.55,0.8
S02000995,Paisley West,2007,102,107.58668,12.33352,2.5,1.025
S02000996,Kilbarchan,2007,42,71.952245,11.42268,1.1,1.295
S02000997,Paisley East,2007,77,73.06835521,13.47552,4.2,0.89
S02000998,Johnstone North East,2007,90,71.84002404,12.90231,2.15,1.01
S02000999,Elderslie and Phoenix,2007,55,109.6770875,12.95430667,1.55,1.40995
S02001000,Paisley Central,2007,102,126.2576978,13.93304,3.25,0.9
S02001001,Paisley North West,2007,70,68.74177161,12.94447,5.9,0.685
S02001002,Paisley Ralston,2007,41,114.802912,13.492815,0.9,1.85
S02001003,Paisley Ferguslie,2007,108,62.8872535,14.253485,7.3,0.78
S02001004,Paisley North East,2007,109,129.8122202,14.98695,2.95,1.05
S02001005,Linwood South,2007,86,92.24053019,12.59599,4.15,0.7775
S02001006,Linwood North,2007,76,83.99522722,12.59599,2.1,0.93248
S02001007,Paisley Gallowhill and Hillington,2007,110,120.1894242,15.62997667,3.95,0.795
S02001008,Bridge of Weir,2007,51,96.59967197,10.81619667,1.3,2.05
S02001009,Houston South,2007,27,59.2637917,11.49483,0.6,1.435
S02001010,Paisley North,2007,87,73.85613346,14.991962,2.9,1
S02001011,Renfrew South,2007,100,116.7462171,15.45858,1.1,0.96125
S02001012,Houston North,2007,30,58.58891257,11.117235,0.85,1.88
S02001013,Renfrew East,2007,76,115.1682516,16.55204,0.9,1.35695
S02001014,Renfrew West,2007,121,111.8541622,14.51103333,2.8,1.24995
S02001015,Renfrewshire Rural North and Langbank,2007,49,95.67220517,11.28512092,0.9,2.49
S02001016,Renfrew North,2007,66,60.16959316,14.66324,2.7,1.445
S02001017,Erskine East and Inchinnan,2007,55,107.4630691,12.830295,0.8,1.665
S02001018,Erskine Central,2007,56,102.7251108,12.67216,1.15,1.2
S02001019,Erskine West,2007,86,115.6952873,12.78335,1.1,1.175
S02001020,Bishopton,2007,58,95.13068732,12.006,0.9,1.7425
S02001146,Fernhill and Cathkin,2007,69,70.07569028,13.44923,3.9,1
S02001148,Whitlawburn and Greenlees,2007,65,65.77346542,13.41116,2.95,1.46995
S02001149,Vicarland and Cairns,2007,112,94.85913231,12.9893,2.2,1.16498
S02001150,Burnside and Springhall,2007,60,107.0279324,13.55782,2,1.69
S02001152,Spittal,2007,76,67.17480119,14.44279,2.25,0.8
S02001153,Cambuslang Central,2007,65,80.43898777,13.96204,1.3,1.75
S02001154,High Crosshill,2007,33,76.14652169,14.20036,0.5,1.57
S02001156,"Halfway, Hallside and Drumsagard",2007,92,96.50797024,13.2084325,1.2,1.5
S02001157,Westburn and Newton,2007,71,74.32186363,13.1688125,2.45,1.269
S02001158,Bankhead South,2007,32,70.25258815,14.44279,1.2,0.961
S02001159,"Burgh, Eastfield and Silverbank",2007,72,122.8883924,14.20036,1.2,1.32375
S02001160,Burnhill and Bankhead North,2007,95,78.19127092,14.88718,3.1,0.89748
S02001161,Shawfield and Clincarthill,2007,73,83.29898629,14.76262333,2.9,0.92
S02001162,Farme Cross and Gallowflat North,2007,49,72.05108073,14.48781,2.75,0.84
S02001184,IZ One,2007,65,87.83255471,13.68424,4.9,0.87
S02001185,IZ Two,2007,93,98.64605172,13.012145,4.9,0.8725
S02001186,IZ Three,2007,92,122.7755431,13.69322,4.1,0.8225
S02001187,IZ Four,2007,107,114.3289793,13.24361,2.8,1.05
S02001188,IZ Five,2007,97,125.6636377,12.90693,4.75,1.04995
S02001189,IZ Six,2007,52,79.65863676,13.07351,1.7,1.17995
S02001190,IZ Seven,2007,54,101.9171419,12.348575,1.55,1.08
S02001191,IZ Eight,2007,76,101.5891933,12.328795,4.6,0.82
S02001192,IZ Nine,2007,127,134.1808145,11.921584,2,0.8325
S02001193,IZ Ten,2007,62,92.18086685,10.97716727,1.8,1.351
S02001194,IZ Eleven,2007,52,89.89874045,11.26281333,1.6,1.1
S02001195,IZ Twelve,2007,127,115.6673595,10.74709667,5.45,0.9
S02001196,IZ Thirteen,2007,86,96.21817614,11.70723,4.9,1.15
S02001197,IZ Fourteen,2007,61,90.20706587,11.3708125,4,0.7
S02001198,IZ Fifteen,2007,90,101.8638141,10.794244,3.05,1.15998
S02001199,IZ Sixteen,2007,84,84.86237835,10.38971598,4.1,1.225
S02001200,IZ Seventeen,2007,104,115.3991379,10.51479125,2.95,0.98
S02001201,IZ Eighteen,2007,74,109.1807346,9.942392108,3.35,1.25
S02000260,Auchinairn,2008,105,103.0956187,12.8683,2.4,1.1225
S02000261,Woodhill East,2008,10,47.81801528,12.45507,0.9,1.56875
S02000262,Woodhill West,2008,43,97.87307273,12.45507,1.1,1.78111
S02000263,Westerton East,2008,37,80.18075467,12.90918,0.7,2.49725
S02000264,Bishopbriggs West and Cadder,2008,54,132.9175633,13.01884,1.15,1.745
S02000265,Westerton West,2008,22,59.12567498,12.11896,1.95,1.63521
S02000266,Kessington East,2008,35,64.74769924,11.46262,0.75,2.8
S02000267,Lenzie South,2008,36,73.02601139,11.503795,0.7,1.75
S02000268,Bishopbriggs North and Kenmure,2008,70,141.8539675,11.49032714,1,1.825
S02000269,Kessington West,2008,29,88.85732977,12.255585,0.75,3.2278
S02000270,Lenzie North,2008,70,132.1903931,11.455215,1.6,1.8069
S02000271,South Castlehill and Thorn,2008,27,95.2935699,11.54466,1.2,2.8625
S02000272,Kilmardinny West,2008,38,95.72116846,11.87093,0.8,3.02
S02000273,Kilmardinny East,2008,26,70.00371391,11.74827,0.75,2.85
S02000274,Rosebank and Waterside,2008,36,69.38712569,10.95179273,1.6,1.45
S02000275,Kirkintilloch South,2008,45,65.61276065,11.98576,2.15,1.1
S02000276,North Castlehill and Thorn,2008,39,101.5776407,11.43936,0.9,2.2
S02000277,Hillhead,2008,94,81.84947221,11.79739,4.75,0.9375
S02000278,Torrance and Balmore,2008,27,57.99465115,10.625066,0.95,1.95
S02000279,Keystone and Dougalston,2008,63,113.9329669,10.74853385,1.1,1.775
S02000280,Harestanes,2008,52,79.76301747,11.494025,2.95,1.0925
S02000281,Kirkintilloch West,2008,71,94.64229,11.04272833,2.7,1.07
S02000282,Barloch,2008,29,84.07673307,10.61584,1.05,2.175
S02000283,Twechar and Harestanes East,2008,58,56.37095332,10.52537,2.5,1.1875
S02000284,East Clober and Mains Estate,2008,60,71.66733718,10.79872,2.1,1.55
S02000285,West Clober and Mains Estate,2008,23,56.89096063,10.016526,0.8,2.35
S02000286,Milton of Campsie,2008,50,86.89433924,10.09994557,1.4,1.70389
S02000287,Lennoxtown,2008,58,96.89898994,9.623051583,2.4,1.65
S02000310,Eaglesham and Waterfoot,2008,51,105.1266233,9.637319707,0.9,1.87
S02000311,Mearnskirk and South Kirkhill,2008,69,153.4016685,10.23308928,0.8,2.79973
S02000312,North Kirkhill,2008,34,68.37698978,10.84796,0.65,1.8575
S02000313,"Mearns Village, Westacres and Greenfarm",2008,60,112.1597505,11.16199,0.9,1.93658
S02000314,West Neilston and Uplawmoor,2008,115,119.6247537,9.740187271,1.85,1.19
S02000316,Whitecraigs and Broom,2008,19,84.55937125,11.22151,0.4,3.7275
S02000317,Clarkston and Sheddens,2008,54,123.3818143,11.83741,0.75,2.1995
S02000318,Crookfur and Fruin,2008,58,133.877072,10.8136291,0.85,2.15
S02000319,Williamwood,2008,28,63.35342868,11.60966,0.75,2.19219
S02000320,Stamperland,2008,39,72.10579146,12.02083,1.1,1.6
S02000321,West Arthurlie and North Neilston,2008,102,123.6791994,10.46665333,1.6,1.4
S02000322,Auchenback,2008,68,75.18119421,11.30613,3.8,0.87
S02000323,Lower Whitecraigs and South Giffnock,2008,38,83.92174501,12.33285,0.5,3.445
S02000324,South Thornliebank and Woodfarm,2008,57,84.64551008,12.21624,1.4,1.5
S02000325,Netherlee,2008,45,117.2901945,12.21671,0.7,2.5
S02000326,Merrylee and Braidbar,2008,47,125.8014368,12.48512,0.6,2.045
S02000327,North Giffnock and North Thornliebank,2008,66,99.04564104,12.32933,1.3,1.6275
S02000328,"Dunterlie, East Arthurlie and Dovecothall",2008,153,123.6546414,11.17325,3.2,0.86
S02000329,Cross Stobbs,2008,51,74.62936415,10.87001,0.85,1.49
S02000584,Carmunnock South,2008,106,76.93392405,10.98328833,4.35,1.555
S02000585,Glenwood South,2008,109,109.2424047,11.175525,5.25,0.78
S02000586,Darnley West,2008,58,76.15714289,10.641875,1.95,1.95
S02000587,Darnley East,2008,85,87.15392399,12.44934,4.8,1.1575
S02000588,Glenwood North,2008,107,73.50365571,11.79709,6.25,1.1
S02000589,Castlemilk,2008,124,105.3284738,11.8971,4.4,0.9
S02000590,Darnley North,2008,65,58.65200092,11.545295,2.5,1.315
S02000591,Carmunnock North,2008,26,58.10657367,11.41092,1.6,1.675
S02000592,Carnwadric West,2008,85,91.09596024,11.45064,5.8,0.91
S02000593,Muirend and Old Cathcart,2008,43,112.5328937,13.07484,1.3,1.325
S02000594,Carnwadric East,2008,59,72.97231901,12.03878,2.5,0.9
S02000595,Kingspark South,2008,64,74.34199497,12.44088,2,0.9415
S02000596,Newlands,2008,85,111.357617,12.48277,2.2,1.95
S02000597,Nitshill,2008,152,107.3119267,11.60283333,5.95,0.61
S02000598,Merrylee and Millbrae,2008,41,75.13551061,12.42532,1.6,1.4575
S02000599,Cathcart,2008,64,85.66453088,13.07484,2.65,1.04
S02000600,Kingspark North,2008,45,82.91989225,13.15282,1.65,0.97
S02000601,Crookston South,2008,102,82.93717414,11.6821,4.65,0.85
S02000602,Pollokshaws,2008,102,113.6283562,11.7087925,4.35,1.15
S02000603,Mount Florida,2008,56,77.91465766,14.47955,2.75,1.175
S02000604,Langside,2008,49,67.86254329,13.03107,1.95,1.31
S02000605,Shawlands East,2008,43,52.02693472,13.03107,2.5,1.2345
S02000606,Crookston North,2008,62,72.44441231,12.4272,3.65,0.95595
S02000607,Battlefield,2008,72,90.16739429,14.47955,2.3,1.3
S02000608,Pollok South and West,2008,95,116.0469504,10.9664,1.55,1.495
S02000609,Shawlands West,2008,45,62.21940602,13.3235,2.3,1.28835
S02000610,Toryglen and Oatlands,2008,160,129.340218,13.58942,5.3,0.93
S02000611,Shettleston South,2008,74,85.00197843,12.80575,1.7,1.28
S02000612,Maxwell Park,2008,81,122.26393,11.955515,1,2.405
S02000613,Carmyle and Mount Vernon South,2008,68,65.34243949,12.76257,3,1.02379
S02000614,Strathbungo,2008,50,91.54950005,13.3235,3.55,1.185
S02000615,Govanhill East and Aikenhead,2008,100,83.81141403,13.58942,4.3,0.95
S02000616,Govanhill West,2008,94,100.527202,13.84941,3.8,0.91
S02000617,Pollok North and East,2008,141,86.63471991,11.795615,4.6,0.91611
S02000618,Baillieston East,2008,70,98.98806714,12.515068,2.4,1.515
S02000619,Dalmarnock,2008,103,80.52490204,13.48341,6.05,0.72
S02000620,Braidfauld,2008,154,109.2134906,12.49588,5.3,1.1307
S02000621,Mosspark,2008,133,126.8696994,12.573965,2.35,1.24
S02000622,Pollokshields East,2008,70,73.27410395,13.50358,2.8,1.46
S02000623,Mount Vernon North and Sandyhills,2008,48,84.62349638,12.580055,0.8,1.75
S02000624,Pollokshields West,2008,69,85.2381525,13.337965,2.9,1.6275
S02000625,Cardonald South and East,2008,54,77.72322884,12.59326,4.75,0.955
S02000626,Baillieston West,2008,89,86.0981605,12.54076,2.5,0.95
S02000627,Cardonald West and Central,2008,102,122.8651034,12.15428,2,0.965
S02000628,Gorbals and Hutchesontown,2008,156,126.3662037,13.95973,4.4,1.31125
S02000629,Parkhead East and Braidfauld North,2008,60,57.29588523,13.57253,4.6,0.82998
S02000630,Tollcross,2008,101,67.60674025,12.96247,4.6,0.8725
S02000631,Kingston West and Dumbreck,2008,74,84.00499236,15.64181,3.4,0.95
S02000632,Shettleston North,2008,126,102.5819079,13.04805,4.6,0.85
S02000633,Parkhead West and Barrowfield,2008,168,97.58565532,13.49896,7.6,0.7
S02000634,Laurieston and Tradeston,2008,65,65.42751641,15.033265,6.8,1.2155
S02000635,"Calton, Galllowgate and Bridgeton",2008,145,111.8399702,14.67094,4.5,1.155
S02000636,Garrowhill West,2008,55,93.36336579,12.82354,1.4,1.4
S02000637,Cardonald North,2008,76,88.66525259,14.33972,3.45,0.91
S02000638,Craigton,2008,116,95.56992348,14.603135,3.5,0.9025
S02000639,Hillington,2008,83,71.51402334,13.02442,2.4,0.91
S02000640,Greenfield,2008,147,121.8535584,13.04805,3.25,0.85
S02000641,Penilee,2008,136,125.5511536,12.39675,4,0.925
S02000642,Kinning Park and Festival Park,2008,70,71.85078763,16.18357,2.3,1.15
S02000643,Old Shettleston and Parkhead North,2008,136,74.44918099,13.12625,5.9,1.225
S02000644,Ibrox East and Cessnock,2008,61,60.47165279,14.92525,4.7,0.8475
S02000645,Garrowhill East and Swinton,2008,44,80.68736223,13.65338,0.8,1.37
S02000646,Barlanark,2008,110,88.86475961,12.62072,5.3,0.88
S02000647,Gallowgate North and Bellgrove,2008,77,69.99098059,14.4333,4.35,1.3175
S02000648,Carntyne West and Haghill,2008,128,97.48706162,14.07813,5.95,0.7
S02000649,Ibrox,2008,39,52.85044376,13.41291,7.15,0.9025
S02000650,Dennistoun,2008,61,68.63712448,18.39942,2.8,1.2
S02000651,Anderston,2008,36,61.12190441,16.55264,2.75,1.535
S02000652,North Barlanark and Easterhouse South,2008,116,66.91543352,13.89793,8.5,1.04
S02000653,Easterhouse East,2008,62,60.27469618,13.116425,4.9,0.64
S02000654,"Cranhill, Lightburn and Queenslie South",2008,154,135.3270667,13.42341,5.8,0.97225
S02000655,City Centre West,2008,44,65.9606563,16.51956,3.7,1.39775
S02000656,Govan and Linthouse,2008,172,103.953392,13.77996,7.85,0.665
S02000657,Carntyne,2008,126,95.87252246,13.703615,2.8,0.96
S02000658,City Centre East,2008,119,173.7512128,15.33029,2.3,1.4
S02000659,Dennistoun North and Alexandra Parade,2008,141,125.0967013,16.21834,2.8,1.17725
S02000660,Drumoyne and Shieldhall,2008,161,126.6847487,14.627922,4.15,1.085
S02000661,Finnieston and Kelvinhaugh,2008,64,92.62229402,14.05652,2,1.4125
S02000662,Central Easterhouse,2008,83,59.74112333,12.97124,7.55,0.605
S02000663,Craigend and Ruchazie,2008,152,109.4147911,13.83473,6.9,1.1625
S02000664,Hillhead,2008,82,95.60622251,14.314955,2.9,1.675
S02000665,Woodlands,2008,62,82.49915542,14.84304,2.1,2.04225
S02000666,"Roystonhill, Blochairn, and Provanmill",2008,208,124.7237131,14.40286,5.8,0.95
S02000667,Riddrie and Hogganfield,2008,148,124.8530696,13.73624,3.4,1.005
S02000668,Glasgow Harbour and  Partick South,2008,41,49.50494645,14.1762,3.25,1.55
S02000669,Woodside,2008,88,75.12434001,17.09081,2.2,1.24
S02000670,Sighthill,2008,94,65.12511111,15.81763,5.2,1.23725
S02000671,Partick,2008,84,70.76964739,14.05012,3.5,1.42
S02000672,Kelvingrove and University,2008,36,80.86519645,13.78687,2.4,2.30564
S02000673,Whiteinch,2008,71,60.50395766,14.22822,4.85,1.245
S02000674,"Garthamlock, Auchinlea and Gartloch",2008,85,64.83100941,12.05105286,4.5,1.515
S02000675,Firhill,2008,86,99.77429268,13.72031,4.05,1.25
S02000676,Cowlairs and Port Dundas,2008,104,76.78598607,15.8465,5.1,1.22995
S02000677,Partickhill and Hyndland,2008,28,75.3189192,13.40461,1.1,2
S02000678,Blackhill and Barmulloch East,2008,103,72.1382159,14.57873,4.8,1.20495
S02000679,Broomhill,2008,42,82.19653059,13.78242,2.1,1.9125
S02000680,Petershill,2008,75,81.6808241,13.860115,5,0.915
S02000681,Dowanhill,2008,41,73.96463758,13.69468,1.4,2.45
S02000682,Victoria Park,2008,27,60.28782114,13.78242,1,1.9
S02000683,North Kelvin,2008,36,57.48490875,13.8871,2,2.17
S02000684,Scotstoun South and West,2008,74,71.20454499,16.8036,5.4,0.95
S02000685,Keppochhill,2008,116,86.71792064,13.72031,7.45,1.1625
S02000686,Scotstoun North and East,2008,61,90.05776767,14.02347,2.85,2.45
S02000687,Barmulloch,2008,91,71.68589261,13.52055,6.25,1
S02000688,Ruchill,2008,104,114.4950955,12.84939,3.15,1.4
S02000689,Kelvinside and Jordanhill,2008,76,133.4242228,13.15557333,1.1,2.4025
S02000690,Kelvindale,2008,41,117.6249924,13.00038,1.2,2.35
S02000691,Springburn,2008,188,110.3223394,12.58664,4.9,0.9
S02000692,Possil Park,2008,204,127.3808065,13.02931,5.5,1.4825
S02000693,Wyndford,2008,100,92.28123618,13.00038,8.3,0.8
S02000694,Springburn East and Cowlairs,2008,94,88.75842755,13.03083,5.3,0.78
S02000695,Robroyston and Millerston,2008,62,105.000127,12.3882975,1.15,1.89
S02000696,Yoker South,2008,61,68.22781568,12.4213,4.7,0.97
S02000697,Balornock,2008,140,90.50366223,12.490725,4.8,0.95
S02000698,Knightswood Park East,2008,62,82.55474204,12.85623,5.7,1.4125
S02000699,Knightswood East,2008,83,91.81569483,12.63781,4.95,1.2
S02000700,Maryhill West,2008,62,47.43261426,12.53773,7.5,0.92498
S02000701,Milton West,2008,141,85.54677384,12.31405,5.1,0.9
S02000702,Anniesland East,2008,59,82.55215589,12.616855,2.1,1.3
S02000703,Knightswood West,2008,43,60.56961881,12.1487,3.8,1.22
S02000704,Maryhill East,2008,78,67.8542042,12.09925,5.7,1.14
S02000705,Anniesland West,2008,133,133.6546759,12.76067,2.75,1.445
S02000706,Knightswood Park West,2008,111,92.76095542,12.28094,4.5,1.17
S02000707,Yoker North,2008,95,83.21220444,12.1487,3.75,1.39995
S02000708,Milton East,2008,91,77.28138405,12.36904,7.1,0.93
S02000709,Blairdardie East,2008,146,126.7586977,12.11896,4.4,1.15
S02000710,Summerston North,2008,83,87.17576295,11.91649,2.5,0.93
S02000711,Blairdardie West,2008,62,65.37268282,12.91956,2.05,1.46
S02000712,Drumchapel South,2008,92,71.17411983,12.18141,5.85,0.6925
S02000713,Summerston Central and West,2008,59,70.79313495,11.47254556,3.4,1.5
S02000714,Drumry West,2008,89,67.41761662,11.53826,4.4,0.88
S02000715,Drumchapel North,2008,84,58.96873672,11.55105,7.95,1.05
S02000716,Drumry East,2008,89,55.93700858,11.53826,7.95,0.98
S02000771,Kilmacolm Central,2008,47,62.03114478,9.610781,0.7,1.86
S02000772,"Kilmacolm, Quarriers, Greenock Upper East/Central",2008,53,85.76920052,9.189563207,1.45,1.68
S02000773,Inverkip and Wemyss Bay,2008,38,99.57801474,9.004167294,1.35,1.82
S02000774,Port Glasgow Upper East,2008,107,103.8974121,10.1969,5.2,0.83
S02000775,"Port Glasgow Mid, East and Central",2008,115,110.4051462,10.29782725,6.7,0.5
S02000776,"Port Glasgow Upper, West and Central",2008,131,116.8698985,10.45954333,4.25,1.35998
S02000777,"West Braeside, East Inverkip and West Gourock",2008,77,99.97459748,9.259503692,2,1.2375
S02000778,Greenock East,2008,93,108.583165,11.5367,5.55,1.13
S02000779,"Bow Farm, Barrs Cottage, Cowdenknowes and Overton",2008,64,103.4971402,10.489025,3.2,0.885
S02000780,Greenock Upper Central,2008,75,93.24622437,10.73289,6,0.66
S02000781,Greenock Town Centre and East Central,2008,129,136.6135636,15.14943,6.3,0.84
S02000782,"Braeside, Branchton, Lower Larkfield and Ravenscraig",2008,117,95.08442478,10.477985,5.9,0.75
S02000783,"Lower Bow & Larkfield, Fancy Farm, Mallard Bowl",2008,89,99.54216081,11.52185,5.5,0.8275
S02000784,Greenock West and Central,2008,94,134.2817627,11.53582,2.9,1.05
S02000785,"Gourock Central, Upper East and IRH",2008,70,98.87672716,10.08694,2.65,0.9975
S02000786,Gourock Upper and West Central & Upper Larkfield,2008,52,106.0944445,9.499464,2.1,1.2
S02000787,"Gourock East, Greenock West and Lyle Road",2008,77,155.4783852,10.40955,1.25,2.07163
S02000923,Stepps,2008,77,119.4482144,11.850769,1.2,1.6075
S02000925,Chryston and Muirhead,2008,93,88.94585431,11.55711833,1.9,1.32
S02000926,Moodiesburn West,2008,95,70.92218101,12.01765,3.05,0.9475
S02000927,Moodiesburn East,2008,46,64.02811671,12.168,0.8,1.525
S02000983,Lochwinnoch,2008,47,61.31892388,9.584208,1.4,1.3525
S02000984,Renfrewshire Rural South & Howwood,2008,64,75.2727842,9.438296242,0.9,2.675
S02000985,Paisley Glenburn West,2008,93,99.14536158,11.41673,3.2,0.9375
S02000986,Paisley Glenburn East,2008,73,70.37520072,11.41673,3.5,0.955
S02000987,Paisley Foxbar,2008,113,113.9621347,10.95749,4.2,0.95
S02000988,Johnstone South West,2008,132,107.3602546,10.90297,3.55,0.91
S02000989,Paisley Dykebar,2008,50,72.29356784,11.15658,0.9,1.385
S02000990,Paisley South West,2008,49,107.3928351,11.27174,0.95,1.35
S02000991,Paisley South East,2008,109,143.7996603,11.76561,4.15,0.93
S02000992,Johnstone South East,2008,75,95.31728357,11.63161,4.1,0.9
S02000993,Paisley South,2008,46,74.50338173,11.96147,0.8,1.65
S02000994,Johnstone North West,2008,111,73.97168004,11.14442,3.8,1.12
S02000995,Paisley West,2008,121,111.2731462,11.07348,2.7,0.96
S02000996,Kilbarchan,2008,45,75.72616421,10.29728,1.5,1.225
S02000997,Paisley East,2008,86,76.40104187,12.83326,4.3,0.95
S02000998,Johnstone North East,2008,73,74.08374621,11.79431,2.65,0.97
S02000999,Elderslie and Phoenix,2008,94,117.2450191,11.83847333,1.55,1.485
S02001000,Paisley Central,2008,143,137.2813366,13.05462,3.35,0.89998
S02001001,Paisley North West,2008,95,72.65231461,12.02254,7.1,0.9
S02001002,Paisley Ralston,2008,48,120.9060331,12.095295,1.1,2.16
S02001003,Paisley Ferguslie,2008,143,65.38271011,12.21236,7.75,0.816
S02001004,Paisley North East,2008,115,132.8334492,12.77114,3.3,1.015
S02001005,Linwood South,2008,89,95.49906504,11.58928,4.65,0.83
S02001006,Linwood North,2008,68,89.15464513,11.58928,2.3,0.925
S02001007,Paisley Gallowhill and Hillington,2008,164,124.9038987,14.76507333,4.65,0.8025
S02001008,Bridge of Weir,2008,69,103.3600431,9.791838333,1.2,1.79
S02001009,Houston South,2008,32,62.55124827,10.4124,0.7,1.6525
S02001010,Paisley North,2008,78,80.11362598,13.20094,3.5,0.7875
S02001011,Renfrew South,2008,112,125.1474937,13.42615,1.5,0.97
S02001012,Houston North,2008,30,62.56237986,10.20623,0.8,1.7
S02001013,Renfrew East,2008,96,121.3041909,15.27741,1,1.195
S02001014,Renfrew West,2008,128,116.0188674,13.17997,3,1.08
S02001015,Renfrewshire Rural North and Langbank,2008,46,103.8034008,10.1341043,1,2.42253
S02001016,Renfrew North,2008,75,66.48368198,12.550855,3.3,1.52
S02001017,Erskine East and Inchinnan,2008,82,113.5437605,11.75861,0.8,1.6
S02001018,Erskine Central,2008,54,110.9341736,11.133055,1.15,1.25
S02001019,Erskine West,2008,103,121.3473434,11.38842,1.4,1.24995
S02001020,Bishopton,2008,44,100.8612859,10.96418,1.05,1.8
S02001146,Fernhill and Cathkin,2008,66,74.93657707,11.84949,3.95,2.02
S02001148,Whitlawburn and Greenlees,2008,56,69.75294982,11.69014,3.35,1.53
S02001149,Vicarland and Cairns,2008,99,97.23132668,11.63116,2.4,1.1
S02001150,Burnside and Springhall,2008,74,113.6944284,11.91023,1.9,1.55
S02001152,Spittal,2008,73,70.20957882,12.50452,2.7,1.08
S02001153,Cambuslang Central,2008,71,85.73828357,12.37228,1.2,2.025
S02001154,High Crosshill,2008,34,81.58628262,12.48284,0.7,1.84
S02001156,"Halfway, Hallside and Drumsagard",2008,87,103.1995697,11.8361725,1,1.65
S02001157,Westburn and Newton,2008,65,77.77032175,11.6397,2.75,1.18
S02001158,Bankhead South,2008,43,73.42365309,12.50452,1.4,1
S02001159,"Burgh, Eastfield and Silverbank",2008,62,130.5020009,12.48284,1.45,1.52
S02001160,Burnhill and Bankhead North,2008,99,81.58333133,13.00211,3.15,0.86
S02001161,Shawfield and Clincarthill,2008,79,87.26251416,13.07169333,3.3,0.86
S02001162,Farme Cross and Gallowflat North,2008,85,74.76428201,12.69966333,2.5,1.3
S02001184,IZ One,2008,81,92.04597537,12.41001,5.15,0.865
S02001185,IZ Two,2008,124,103.9037449,11.744185,5.95,1.26
S02001186,IZ Three,2008,149,126.7912644,12.22493,4.7,0.9
S02001187,IZ Four,2008,132,117.3059994,12.15863,3.4,1.035
S02001188,IZ Five,2008,116,131.7587092,11.66995,5.2,1.1
S02001189,IZ Six,2008,48,84.1458807,12.10207,2.35,1.15
S02001190,IZ Seven,2008,70,109.0351415,11.495535,1.6,1.2375
S02001191,IZ Eight,2008,84,105.5757307,11.20419,4.85,0.93
S02001192,IZ Nine,2008,100,140.5581903,12.33979,2.25,0.95
S02001193,IZ Ten,2008,73,99.50437062,9.904094545,2.05,1.4345
S02001194,IZ Eleven,2008,46,94.17379478,10.3364254,1.9,1.3
S02001195,IZ Twelve,2008,161,122.1453282,10.27331,6.2,1.125
S02001196,IZ Thirteen,2008,87,101.876924,11.69577,5.5,1.22498
S02001197,IZ Fourteen,2008,80,94.40302721,11.1413275,3.65,0.77
S02001198,IZ Fifteen,2008,101,107.1386868,9.8406568,3.05,0.8625
S02001199,IZ Sixteen,2008,95,90.16811935,9.709366977,3.8,1.285
S02001200,IZ Seventeen,2008,79,119.5248017,9.63213125,2.9,0.95
S02001201,IZ Eighteen,2008,63,115.2993169,9.272572946,3.4,1.25
S02000260,Auchinairn,2009,111,99.5156603,11.38529,4.25,1.15
S02000261,Woodhill East,2009,26,47.77799093,10.96121,2.05,1.55
S02000262,Woodhill West,2009,46,95.01386538,10.96121,2.1,1.62
S02000263,Westerton East,2009,32,81.93078833,11.13782,1.4,1.91
S02000264,Bishopbriggs West and Cadder,2009,52,128.9152861,11.69514,2.5,1.525
S02000265,Westerton West,2009,29,58.218016,10.53271,2.4,1.475
S02000266,Kessington East,2009,32,62.94401899,10.30719,1.65,2.2677
S02000267,Lenzie South,2009,30,71.81601386,10.05309,1.4,1.65
S02000268,Bishopbriggs North and Kenmure,2009,65,138.1200524,10.58525286,1.8,1.63
S02000269,Kessington West,2009,39,86.38864605,10.602165,1.35,2.425
S02000270,Lenzie North,2009,74,126.9555927,10.88646875,2.9,1.81
S02000271,South Castlehill and Thorn,2009,36,92.58345004,10.10594825,2.2,2.35
S02000272,Kilmardinny West,2009,45,93.209035,10.30183,1.2,2.9995
S02000273,Kilmardinny East,2009,27,69.36514837,10.12481,1.35,2.4
S02000274,Rosebank and Waterside,2009,33,66.97886395,9.970437182,3.35,1.3625
S02000275,Kirkintilloch South,2009,38,63.25728191,10.8236,4.65,1.03
S02000276,North Castlehill and Thorn,2009,46,100.217924,9.919576,1.5,1.85
S02000277,Hillhead,2009,94,78.47658443,10.34668,7.75,0.9375
S02000278,Torrance and Balmore,2009,34,57.6769094,10.14689913,1.9,1.525
S02000279,Keystone and Dougalston,2009,55,107.9953214,9.649919462,1.7,1.615
S02000280,Harestanes,2009,69,76.73186859,10.1930985,5.2,0.94
S02000281,Kirkintilloch West,2009,68,91.39826078,10.172075,4,1.135
S02000282,Barloch,2009,31,80.74314549,9.152949,1.65,1.74625
S02000283,Twechar and Harestanes East,2009,36,53.94194154,9.328034143,4.8,1.05
S02000284,East Clober and Mains Estate,2009,67,70.28637156,9.385757667,3.5,1.33
S02000285,West Clober and Mains Estate,2009,31,59.30000434,8.799449,1,1.65
S02000286,Milton of Campsie,2009,63,83.9016875,8.880374857,2.6,1.4
S02000287,Lennoxtown,2009,55,96.5996365,8.410361083,4.05,1.3995
S02000310,Eaglesham and Waterfoot,2009,65,102.7823804,8.628936707,1.9,1.45
S02000311,Mearnskirk and South Kirkhill,2009,62,148.2454116,9.160721625,1.55,2.375
S02000312,North Kirkhill,2009,23,66.53730662,9.210578667,1.45,1.7183
S02000313,"Mearns Village, Westacres and Greenfarm",2009,66,111.9353326,10.040525,1.9,1.92625
S02000314,West Neilston and Uplawmoor,2009,86,116.5010689,8.399515021,3.4,1.1
S02000316,Whitecraigs and Broom,2009,27,83.03776012,9.474947,1.15,4.05
S02000317,Clarkston and Sheddens,2009,56,122.2120668,10.09506,1.5,2.05
S02000318,Crookfur and Fruin,2009,72,130.3337706,9.4089546,1.55,2.18
S02000319,Williamwood,2009,27,62.43200485,9.9044075,1.4,2.27028
S02000320,Stamperland,2009,27,70.61234872,10.29638,2,1.35375
S02000321,West Arthurlie and North Neilston,2009,84,120.822083,9.032305667,2.85,1.12194
S02000322,Auchenback,2009,83,73.95606517,9.639291,7.1,0.85
S02000323,Lower Whitecraigs and South Giffnock,2009,37,84.31435345,10.58757,1,2.93
S02000324,South Thornliebank and Woodfarm,2009,57,82.49106419,10.64255,3.1,1.265
S02000325,Netherlee,2009,53,113.0817802,10.245415,1.1,2.4675
S02000326,Merrylee and Braidbar,2009,60,121.4286119,10.64362,1.45,2.125
S02000327,North Giffnock and North Thornliebank,2009,78,94.65341117,10.57682,2.7,1.7
S02000328,"Dunterlie, East Arthurlie and Dovecothall",2009,121,119.7056458,9.873567,5.75,1.08
S02000329,Cross Stobbs,2009,47,71.82771383,9.341065,1.95,1.075
S02000584,Carmunnock South,2009,86,74.69098871,9.496928333,6.4,1.6525
S02000585,Glenwood South,2009,134,108.1567223,9.7575225,7.8,0.975
S02000586,Darnley West,2009,76,77.59219401,9.38077225,3.45,1.35
S02000587,Darnley East,2009,73,84.64736738,10.9129,6.2,0.92
S02000588,Glenwood North,2009,104,71.40722618,10.24152,8.6,0.81
S02000589,Castlemilk,2009,103,99.35676028,10.32571,6.2,0.75
S02000590,Darnley North,2009,69,57.50858555,10.4554135,3.75,1.11
S02000591,Carmunnock North,2009,33,56.44181253,9.814009,2.3,1.55
S02000592,Carnwadric West,2009,109,88.56748139,9.984822,8.1,0.72
S02000593,Muirend and Old Cathcart,2009,63,105.4021241,11.0281,2.5,1.3
S02000594,Carnwadric East,2009,64,69.75973854,10.55195,4.95,0.8
S02000595,Kingspark South,2009,55,72.57409837,10.52674,3.9,0.815
S02000596,Newlands,2009,64,108.2455079,10.79489,3.4,1.95
S02000597,Nitshill,2009,125,105.6104678,10.34835967,8.95,0.5
S02000598,Merrylee and Millbrae,2009,57,71.25281142,10.54612,2.5,1.61625
S02000599,Cathcart,2009,52,81.74580322,11.0281,4.05,1
S02000600,Kingspark North,2009,40,79.81612522,11.42598,3.15,0.9075
S02000601,Crookston South,2009,89,80.74044459,10.12879,7.8,0.75
S02000602,Pollokshaws,2009,112,109.141943,10.1543395,5.25,1.1
S02000603,Mount Florida,2009,45,75.8064044,11.366,4.3,1.1125
S02000604,Langside,2009,33,65.18541092,11.05519,3.25,1.25
S02000605,Shawlands East,2009,43,51.71422844,11.05519,4.2,1.25
S02000606,Crookston North,2009,81,67.63992184,11.32248,6.7,0.84
S02000607,Battlefield,2009,77,88.96811951,11.366,3.6,1.25
S02000608,Pollok South and West,2009,103,114.9369891,9.477655,3.5,1.48995
S02000609,Shawlands West,2009,35,60.8259854,11.41149,3.4,1.215
S02000610,Toryglen and Oatlands,2009,154,126.0166982,11.99396,7.05,0.805
S02000611,Shettleston South,2009,65,82.55550588,11.24405,3.4,1.24995
S02000612,Maxwell Park,2009,102,118.3444295,10.16254,1.8,2.2
S02000613,Carmyle and Mount Vernon South,2009,73,62.67452997,11.59436,5.2,1.03
S02000614,Strathbungo,2009,75,91.59956461,11.41149,4.8,1.16003
S02000615,Govanhill East and Aikenhead,2009,107,81.67293534,11.99396,4.95,0.855
S02000616,Govanhill West,2009,99,101.19917,11.71058,4.6,0.77
S02000617,Pollok North and East,2009,123,83.71617094,10.50681,8.2,0.825
S02000618,Baillieston East,2009,91,96.55471154,11.799718,3.65,1.49995
S02000619,Dalmarnock,2009,100,75.95629227,11.68569,8.95,0.75
S02000620,Braidfauld,2009,145,107.4108394,10.94175667,8,0.94998
S02000621,Mosspark,2009,151,121.9047877,11.15673,3.6,1.07
S02000622,Pollokshields East,2009,71,73.70134569,11.3452,3.6,1.32
S02000623,Mount Vernon North and Sandyhills,2009,33,80.75958846,10.906485,2.2,1.62
S02000624,Pollokshields West,2009,51,85.24858037,11.275145,3.3,1.44325
S02000625,Cardonald South and East,2009,73,73.39974841,11.1248,6.45,0.78
S02000626,Baillieston West,2009,105,82.10843542,11.24584,5,1.065
S02000627,Cardonald West and Central,2009,106,118.4292335,10.66695,3.35,1
S02000628,Gorbals and Hutchesontown,2009,158,122.238635,12.8779,5.7,1.1225
S02000629,Parkhead East and Braidfauld North,2009,46,55.78763758,11.95487,6.8,0.765
S02000630,Tollcross,2009,70,65.90453359,11.10712,7,0.69
S02000631,Kingston West and Dumbreck,2009,72,80.63392923,13.462815,5.3,1.0125
S02000632,Shettleston North,2009,120,96.39436654,11.48287,7.25,0.7335
S02000633,Parkhead West and Barrowfield,2009,142,95.46848454,11.848565,10.15,0.80498
S02000634,Laurieston and Tradeston,2009,74,62.47621567,13.36253,7.9,0.95
S02000635,"Calton, Galllowgate and Bridgeton",2009,151,110.9762021,12.57997,6.35,1.29
S02000636,Garrowhill West,2009,55,89.94182539,11.44556,2.9,1.35
S02000637,Cardonald North,2009,82,82.23780362,13.02193,6.25,0.9425
S02000638,Craigton,2009,111,87.06661184,13.46891,5,0.8
S02000639,Hillington,2009,74,67.79677566,11.42448,4.5,0.77613
S02000640,Greenfield,2009,124,118.1604377,11.48287,5.5,0.8625
S02000641,Penilee,2009,122,120.0412413,10.59839,5.7,0.845
S02000642,Kinning Park and Festival Park,2009,80,67.32792883,14.53123,4,0.9
S02000643,Old Shettleston and Parkhead North,2009,115,69.72823481,11.37898,9.6,1.10995
S02000644,Ibrox East and Cessnock,2009,84,59.41091204,14.24408,6.8,0.62
S02000645,Garrowhill East and Swinton,2009,47,79.71082866,12.66622,2.2,1.15
S02000646,Barlanark,2009,87,85.94398641,10.94139,7.9,0.935
S02000647,Gallowgate North and Bellgrove,2009,66,65.92221167,12.38412,5.7,1.21
S02000648,Carntyne West and Haghill,2009,143,94.05114089,12.11732,8.45,0.61625
S02000649,Ibrox,2009,52,51.55707615,12.09494,8.7,0.73
S02000650,Dennistoun,2009,34,67.81609124,15.24194,4.35,0.99
S02000651,Anderston,2009,47,60.50242757,16.01416,4.05,1.447
S02000652,North Barlanark and Easterhouse South,2009,56,65.26142357,12.65979,11.95,0.855
S02000653,Easterhouse East,2009,56,58.25595232,12.469435,7.2,0.54
S02000654,"Cranhill, Lightburn and Queenslie South",2009,190,133.0419958,12.00791,6.9,0.82075
S02000655,City Centre West,2009,48,66.12614883,15.35443,5.15,1.3
S02000656,Govan and Linthouse,2009,173,100.94273,12.24106,10.05,0.65
S02000657,Carntyne,2009,104,90.03295776,11.769795,4.55,0.72
S02000658,City Centre East,2009,123,164.8181171,13.11777,3.6,1.5
S02000659,Dennistoun North and Alexandra Parade,2009,114,123.8005067,15.09094,4.25,1.04975
S02000660,Drumoyne and Shieldhall,2009,185,121.3907953,13.302904,5.9,0.85
S02000661,Finnieston and Kelvinhaugh,2009,43,90.12338339,13.06475,3.15,1.5
S02000662,Central Easterhouse,2009,79,55.92666109,12.39743,10.6,0.4725
S02000663,Craigend and Ruchazie,2009,161,105.4261945,12.49493,9.9,0.71559
S02000664,Hillhead,2009,61,93.74838268,12.71866,4,1.55
S02000665,Woodlands,2009,72,82.6929724,13.13455,3.25,1.7
S02000666,"Roystonhill, Blochairn, and Provanmill",2009,173,121.2707689,13.30239,7.5,0.79
S02000667,Riddrie and Hogganfield,2009,137,120.1793555,12.75921333,5.8,0.835
S02000668,Glasgow Harbour and  Partick South,2009,46,50.47862876,12.86472,4.5,1.2195
S02000669,Woodside,2009,79,71.26212597,15.3172,4.2,0.923
S02000670,Sighthill,2009,62,63.07537968,14.61543,6.45,0.88
S02000671,Partick,2009,65,68.30717607,12.74423,5.3,1.2995
S02000672,Kelvingrove and University,2009,30,77.5840586,12.30277,3.3,2.1
S02000673,Whiteinch,2009,51,57.41469424,12.91721,7.15,1.19
S02000674,"Garthamlock, Auchinlea and Gartloch",2009,83,67.82977809,10.92019443,6.55,0.775
S02000675,Firhill,2009,70,95.38782943,12.0718,5.4,1.2
S02000676,Cowlairs and Port Dundas,2009,98,76.5418828,14.212615,7.45,1.13
S02000677,Partickhill and Hyndland,2009,35,72.70182828,11.72343,1.9,1.9
S02000678,Blackhill and Barmulloch East,2009,93,69.92770162,13.605815,7.75,1.125
S02000679,Broomhill,2009,46,78.88502522,12.14828,2.95,1.75
S02000680,Petershill,2009,72,83.11160493,12.562455,5.9,0.8375
S02000681,Dowanhill,2009,50,72.71772985,12.04896,2.25,2.2
S02000682,Victoria Park,2009,20,58.43745197,12.14828,2,1.7
S02000683,North Kelvin,2009,32,56.01774062,12.24545,3.2,2.06
S02000684,Scotstoun South and West,2009,116,66.91731678,17.33655,7.2,0.8375
S02000685,Keppochhill,2009,107,83.16002166,12.0718,9.6,0.64998
S02000686,Scotstoun North and East,2009,78,89.62435989,12.88844,3.95,1.49996
S02000687,Barmulloch,2009,100,70.35334944,12.70491,8.4,0.9625
S02000688,Ruchill,2009,93,111.211566,11.44925,4.35,1.331
S02000689,Kelvinside and Jordanhill,2009,69,127.9344043,11.74761667,1.85,2.1505
S02000690,Kelvindale,2009,70,112.9244817,11.40588,1.95,1.7
S02000691,Springburn,2009,129,106.452488,11.21241,7.35,0.89
S02000692,Possil Park,2009,186,124.7603361,11.72273,7.55,0.89748
S02000693,Wyndford,2009,110,88.34597441,11.40588,11.2,0.725
S02000694,Springburn East and Cowlairs,2009,105,85.68803199,11.77287,7.6,0.72
S02000695,Robroyston and Millerston,2009,74,104.698466,11.5546075,2.4,2.25
S02000696,Yoker South,2009,66,68.12350604,11.09761,7.3,0.89
S02000697,Balornock,2009,134,84.77782642,11.20531,8.1,0.815
S02000698,Knightswood Park East,2009,48,78.28708552,11.71894,7.2,1.33
S02000699,Knightswood East,2009,95,86.62649982,11.52585,6.5,0.9875
S02000700,Maryhill West,2009,61,44.73191153,11.12487,9.45,0.9
S02000701,Milton West,2009,115,83.05896968,11.11744,8.35,0.715
S02000702,Anniesland East,2009,41,78.73965282,11.09394,2.75,1.29
S02000703,Knightswood West,2009,57,58.5249237,10.66908,4.75,1.025
S02000704,Maryhill East,2009,106,66.3244568,10.61553,7.3,0.9995
S02000705,Anniesland West,2009,122,128.3423251,11.447615,4.15,1.14
S02000706,Knightswood Park West,2009,98,87.71341815,11.33556,6.15,1.1
S02000707,Yoker North,2009,109,79.29127365,10.66908,5.7,1
S02000708,Milton East,2009,93,72.82942457,11.22175,8.85,0.69975
S02000709,Blairdardie East,2009,144,119.7370146,10.53271,6.4,1.1
S02000710,Summerston North,2009,94,83.44414717,10.56901,4.2,1.45
S02000711,Blairdardie West,2009,53,62.56769867,11.47159,3.15,1.38
S02000712,Drumchapel South,2009,91,69.5331723,10.79231,9.4,0.64498
S02000713,Summerston Central and West,2009,57,70.29684641,10.63412444,5.2,1.66006
S02000714,Drumry West,2009,86,65.12359698,10.39959,7.2,0.92
S02000715,Drumchapel North,2009,76,56.81138984,10.33349,10.85,0.83325
S02000716,Drumry East,2009,96,54.5177841,10.39959,12.7,0.57875
S02000771,Kilmacolm Central,2009,40,59.05642374,8.334112,1.5,2.75
S02000772,"Kilmacolm, Quarriers, Greenock Upper East/Central",2009,65,81.21018665,7.946916775,2.6,1.5
S02000773,Inverkip and Wemyss Bay,2009,48,100.0741014,7.837646176,1.95,1.85
S02000774,Port Glasgow Upper East,2009,102,99.40903403,9.459243,7.35,0.8
S02000775,"Port Glasgow Mid, East and Central",2009,92,105.5209185,9.30021775,8.85,0.75
S02000776,"Port Glasgow Upper, West and Central",2009,89,111.8998412,9.343602667,5.3,0.9175
S02000777,"West Braeside, East Inverkip and West Gourock",2009,57,96.92883534,8.062737077,3.1,1.15
S02000778,Greenock East,2009,115,106.1179768,10.003359,6.75,0.955
S02000779,"Bow Farm, Barrs Cottage, Cowdenknowes and Overton",2009,43,98.47833625,9.1387165,4.1,0.755
S02000780,Greenock Upper Central,2009,75,90.08478307,9.287093,7.85,0.655
S02000781,Greenock Town Centre and East Central,2009,121,132.7819864,12.74648,8.55,0.63
S02000782,"Braeside, Branchton, Lower Larkfield and Ravenscraig",2009,114,92.64929351,9.2232345,7.6,0.745
S02000783,"Lower Bow & Larkfield, Fancy Farm, Mallard Bowl",2009,100,96.8655428,10.0637,7.5,0.85
S02000784,Greenock West and Central,2009,116,127.6104741,10.76171,3.9,0.985
S02000785,"Gourock Central, Upper East and IRH",2009,70,96.54439911,8.82531,3.7,0.82
S02000786,Gourock Upper and West Central & Upper Larkfield,2009,53,102.0743444,8.399934,3.4,1.09
S02000787,"Gourock East, Greenock West and Lyle Road",2009,68,148.202678,9.163766333,1.8,1.65
S02000923,Stepps,2009,71,115.2765512,10.930648,2.5,1.44
S02000925,Chryston and Muirhead,2009,87,86.87791733,10.5374375,3.9,1.165
S02000926,Moodiesburn West,2009,69,68.08293273,10.9921,6,0.975
S02000927,Moodiesburn East,2009,58,63.87487266,11.61099,2.1,1.145
S02000983,Lochwinnoch,2009,51,60.45868629,8.153154,2.8,1.31
S02000984,Renfrewshire Rural South & Howwood,2009,55,75.6166307,8.15642467,1.8,1.81
S02000985,Paisley Glenburn West,2009,91,95.63567598,9.596598,4.7,0.8125
S02000986,Paisley Glenburn East,2009,47,68.00577231,9.596598,6.4,0.87
S02000987,Paisley Foxbar,2009,97,110.2035751,9.25793,6.65,0.895
S02000988,Johnstone South West,2009,105,104.2026047,9.844686,5.55,0.8
S02000989,Paisley Dykebar,2009,40,70.55064106,9.55512775,2,1.36498
S02000990,Paisley South West,2009,35,103.913009,9.526013,1.8,1.225
S02000991,Paisley South East,2009,133,136.6811722,9.8860375,6.1,1.03995
S02000992,Johnstone South East,2009,80,91.68005361,9.942187,6.65,0.69995
S02000993,Paisley South,2009,49,74.70787735,10.24765,2,1.43
S02000994,Johnstone North West,2009,104,71.68480484,9.789147,6.5,0.82
S02000995,Paisley West,2009,104,109.5104002,9.438614,4.55,0.89995
S02000996,Kilbarchan,2009,39,73.92541304,8.911645,2.65,1.15
S02000997,Paisley East,2009,66,73.71451834,11.00303,6.65,0.805
S02000998,Johnstone North East,2009,82,72.90600058,10.4217785,5.4,0.76
S02000999,Elderslie and Phoenix,2009,64,114.0476396,10.35819333,3.3,1.65
S02001000,Paisley Central,2009,112,132.0436521,11.16671,5.25,0.79
S02001001,Paisley North West,2009,79,68.32117881,10.25133,9.2,1.0272
S02001002,Paisley Ralston,2009,45,116.7786179,10.34532,1.7,1.75
S02001003,Paisley Ferguslie,2009,128,66.06946758,10.5347,10.8,0.825
S02001004,Paisley North East,2009,110,123.8772952,10.841445,4.7,1.098
S02001005,Linwood South,2009,86,91.07043276,10.14678,6.4,0.735
S02001006,Linwood North,2009,86,87.68958446,10.14678,4.4,0.86
S02001007,Paisley Gallowhill and Hillington,2009,159,120.5264166,13.57040667,6.85,0.71
S02001008,Bridge of Weir,2009,38,100.5156223,8.396301,2.5,1.70808
S02001009,Houston South,2009,29,61.80789856,9.080722,1.7,1.8375
S02001010,Paisley North,2009,78,76.86866896,11.727114,6.25,0.9
S02001011,Renfrew South,2009,113,120.4055278,12.16193,3.35,0.84
S02001012,Houston North,2009,21,60.78509281,8.822089,1.95,1.75
S02001013,Renfrew East,2009,58,117.0539777,14.20355,2.15,1.3475
S02001014,Renfrew West,2009,117,115.0995655,11.75861,5.55,1.29248
S02001015,Renfrewshire Rural North and Langbank,2009,54,101.5250267,8.950276193,1.6,1.87498
S02001016,Renfrew North,2009,62,68.7871322,11.374415,5.4,1.325
S02001017,Erskine East and Inchinnan,2009,63,109.6068836,10.442225,1.6,1.58
S02001018,Erskine Central,2009,81,108.0376249,9.7556795,2.7,1.15
S02001019,Erskine West,2009,96,118.5563207,10.17844,2.8,0.9975
S02001020,Bishopton,2009,39,96.83222245,10.022,2,1.425
S02001146,Fernhill and Cathkin,2009,86,73.7024324,10.18676,6.5,1.63748
S02001148,Whitlawburn and Greenlees,2009,58,67.73935712,9.972142,5.3,0.95
S02001149,Vicarland and Cairns,2009,78,95.67861413,9.981192,5.25,0.855
S02001150,Burnside and Springhall,2009,86,107.5102252,10.13479,3.75,1.9275
S02001152,Spittal,2009,63,67.10205899,10.65102,6.05,0.8625
S02001153,Cambuslang Central,2009,52,84.73083576,10.6316,2.5,1.275
S02001154,High Crosshill,2009,38,79.04239723,10.59621,1.7,1.56
S02001156,"Halfway, Hallside and Drumsagard",2009,75,102.9108646,10.31049175,2.7,1.49998
S02001157,Westburn and Newton,2009,70,79.53801062,10.09050625,5.25,1.4
S02001158,Bankhead South,2009,43,70.34297114,10.65102,3.3,0.8725
S02001159,"Burgh, Eastfield and Silverbank",2009,72,126.983376,10.59621,3.2,1.5375
S02001160,Burnhill and Bankhead North,2009,89,78.19910575,11.03507,6.25,0.75
S02001161,Shawfield and Clincarthill,2009,72,84.86558375,11.51338333,5.5,0.75
S02001162,Farme Cross and Gallowflat North,2009,78,73.59525717,11.05735333,3.85,1.0955
S02001184,IZ One,2009,97,89.82566509,11.10894,8.1,0.70059
S02001185,IZ Two,2009,124,102.2293851,10.700305,8.35,0.9
S02001186,IZ Three,2009,146,121.461927,10.95713,7.2,0.77
S02001187,IZ Four,2009,91,111.3731852,10.99652,5.6,0.865
S02001188,IZ Five,2009,123,125.2820229,10.31366,7.9,0.8725
S02001189,IZ Six,2009,57,80.59821802,10.925975,4.3,1.1
S02001190,IZ Seven,2009,71,106.6238489,10.28679,3.4,1.24
S02001191,IZ Eight,2009,104,102.8617971,9.8089215,7.45,0.8175
S02001192,IZ Nine,2009,97,135.2011516,10.9151832,3.8,0.98
S02001193,IZ Ten,2009,75,96.31729401,8.622579,3.6,1.49
S02001194,IZ Eleven,2009,47,90.19361931,9.0532316,3.2,1.15
S02001195,IZ Twelve,2009,89,118.9150485,9.212166667,8.15,1
S02001196,IZ Thirteen,2009,76,99.36372255,10.31852,7.15,0.695
S02001197,IZ Fourteen,2009,71,95.77495498,9.9144405,6.05,0.65
S02001198,IZ Fifteen,2009,87,103.0383228,9.0209498,4.4,0.83
S02001199,IZ Sixteen,2009,83,88.61807403,8.379385227,5.6,1.1
S02001200,IZ Seventeen,2009,72,115.1617102,8.453249125,4.15,0.88
S02001201,IZ Eighteen,2009,61,112.5031394,8.059971243,4.95,0.95
S02000260,Auchinairn,2010,107,106.3148551,12.140395,4.5,1.175
S02000261,Woodhill East,2010,23,50.86722674,11.64651,1.85,1.55
S02000262,Woodhill West,2010,53,104.4657849,11.64651,1.8,1.63875
S02000263,Westerton East,2010,40,90.20685895,12.2868,1.3,2.35
S02000264,Bishopbriggs West and Cadder,2010,60,139.8731,12.04097,2.65,1.675
S02000265,Westerton West,2010,25,63.97093025,11.43972,2,1.57375
S02000266,Kessington East,2010,42,68.95493934,11.12468,1.7,2.7
S02000267,Lenzie South,2010,27,78.59990919,10.953325,1.4,1.7675
S02000268,Bishopbriggs North and Kenmure,2010,77,149.9430307,11.09564286,1.9,1.65888
S02000269,Kessington West,2010,38,94.35224906,11.572005,1.4,2.65
S02000270,Lenzie North,2010,79,137.0708508,11.62390625,2.85,1.675
S02000271,South Castlehill and Thorn,2010,33,99.52350124,11.022735,2.15,2.4225
S02000272,Kilmardinny West,2010,43,101.8971458,11.24428,1.15,3.185
S02000273,Kilmardinny East,2010,25,74.56778269,11.02658,0.6,2.49999
S02000274,Rosebank and Waterside,2010,37,71.88736695,10.70549727,3,1.31
S02000275,Kirkintilloch South,2010,43,69.51869043,11.57708,4.5,1.1175
S02000276,North Castlehill and Thorn,2010,42,108.8932605,10.79822,1.2,1.765
S02000277,Hillhead,2010,87,81.96840247,11.16756,8.1,0.85
S02000278,Torrance and Balmore,2010,31,61.80850308,10.87830987,2.2,2
S02000279,Keystone and Dougalston,2010,74,116.8525017,10.40203054,1.8,1.57505
S02000280,Harestanes,2010,71,82.7117399,10.97375,5.6,0.89999
S02000281,Kirkintilloch West,2010,84,98.54050574,10.94689833,4.5,1.115
S02000282,Barloch,2010,43,87.73127461,9.908446,1.5,2.5
S02000283,Twechar and Harestanes East,2010,37,58.76015357,10.02859757,4.45,0.975
S02000284,East Clober and Mains Estate,2010,54,75.2891284,10.18375767,3.1,1.4825
S02000285,West Clober and Mains Estate,2010,23,63.10882769,9.518053,1,2.175
S02000286,Milton of Campsie,2010,58,91.79980743,9.840736571,3.2,1.2
S02000287,Lennoxtown,2010,81,106.6501088,9.0261198,4.15,1.43993
S02000310,Eaglesham and Waterfoot,2010,62,111.5174037,9.149336224,1.85,1.64
S02000311,Mearnskirk and South Kirkhill,2010,47,160.7867483,9.798405188,1.4,2.745
S02000312,North Kirkhill,2010,24,70.43151664,9.825539333,1.2,1.55
S02000313,"Mearns Village, Westacres and Greenfarm",2010,62,119.1463243,10.64088,2.2,1.925
S02000314,West Neilston and Uplawmoor,2010,71,124.2569267,9.137278,3.35,1.1675
S02000316,Whitecraigs and Broom,2010,23,91.62033692,10.10968,1.1,3.77
S02000317,Clarkston and Sheddens,2010,45,132.6149089,10.73434,1.45,1.975
S02000318,Crookfur and Fruin,2010,66,142.0637775,10.0205182,1.65,2.315
S02000319,Williamwood,2010,35,66.70272792,10.543935,1.45,2.3405
S02000320,Stamperland,2010,33,76.18536988,10.94905,1.8,1.475
S02000321,West Arthurlie and North Neilston,2010,77,131.5477408,9.656905333,3.35,1.36998
S02000322,Auchenback,2010,49,80.73624688,10.27703,7.2,0.9125
S02000323,Lower Whitecraigs and South Giffnock,2010,41,90.86917189,11.29616,1,3.43
S02000324,South Thornliebank and Woodfarm,2010,49,88.50689147,11.315315,3.2,1.55
S02000325,Netherlee,2010,54,122.5935191,10.98995,1.2,2.78615
S02000326,Merrylee and Braidbar,2010,61,129.9161672,11.40182,1.75,2.15
S02000327,North Giffnock and North Thornliebank,2010,79,101.6336646,11.27685,2.3,1.245
S02000328,"Dunterlie, East Arthurlie and Dovecothall",2010,100,129.8845277,10.503285,6.15,0.945
S02000329,Cross Stobbs,2010,44,78.15090195,10.047,2.3,1.43
S02000584,Carmunnock South,2010,80,79.89743857,9.969914,6.7,1.225
S02000585,Glenwood South,2010,143,116.7289343,10.223595,9,0.68
S02000586,Darnley West,2010,65,84.72260588,9.890911,3.65,1.585
S02000587,Darnley East,2010,91,89.11748185,11.61329,7.4,1.05
S02000588,Glenwood North,2010,101,74.79499142,10.67388,9.15,0.8325
S02000589,Castlemilk,2010,126,104.6058578,10.79093,7.7,0.8
S02000590,Darnley North,2010,78,64.35199046,10.992825,4.2,1.19
S02000591,Carmunnock North,2010,44,61.50683904,10.33053,2.45,1.61
S02000592,Carnwadric West,2010,89,92.13700094,10.54329,9.25,0.8
S02000593,Muirend and Old Cathcart,2010,70,111.2242467,11.50566,2.6,1.62325
S02000594,Carnwadric East,2010,51,73.73296229,11.04819,5.4,0.78
S02000595,Kingspark South,2010,53,74.93519439,11.03832,4.25,0.8325
S02000596,Newlands,2010,66,115.8850267,11.32119,3.5,2.15
S02000597,Nitshill,2010,143,111.2583378,10.9195,8.75,0.45
S02000598,Merrylee and Millbrae,2010,48,75.95522387,11.07267,2.3,1.63113
S02000599,Cathcart,2010,63,89.00744613,11.50566,4.6,0.9
S02000600,Kingspark North,2010,49,84.08658917,11.94167,3.7,0.89
S02000601,Crookston South,2010,91,84.71774561,10.7309,8.6,0.66
S02000602,Pollokshaws,2010,96,118.6975021,10.71974,6.2,0.975
S02000603,Mount Florida,2010,58,79.54471223,11.89573,4.4,1.08625
S02000604,Langside,2010,67,69.3581269,11.57977,3.5,1.32
S02000605,Shawlands East,2010,30,56.39033612,11.57977,4.4,1.10005
S02000606,Crookston North,2010,87,73.32908134,12.03484,6.35,0.81
S02000607,Battlefield,2010,91,96.69095619,11.89573,4.4,1.215
S02000608,Pollok South and West,2010,111,122.6024938,10.0835,3.2,1.4
S02000609,Shawlands West,2010,39,64.30745588,11.97297,3.45,1.22867
S02000610,Toryglen and Oatlands,2010,161,136.6903901,12.5205,7.05,1.3
S02000611,Shettleston South,2010,83,88.71097104,11.72847333,3.5,1.25
S02000612,Maxwell Park,2010,78,127.3868983,10.74597,1.85,2.2
S02000613,Carmyle and Mount Vernon South,2010,85,69.49870596,11.91029,4.85,0.72
S02000614,Strathbungo,2010,72,96.29049475,11.97297,5.15,1.21779
S02000615,Govanhill East and Aikenhead,2010,89,87.86506808,12.5205,6.1,0.75
S02000616,Govanhill West,2010,98,109.4975888,12.22966,5.3,0.73
S02000617,Pollok North and East,2010,143,88.15877127,11.11784,9.2,0.8
S02000618,Baillieston East,2010,105,105.1028649,12.023318,3.6,1.8
S02000619,Dalmarnock,2010,110,80.96977989,12.24591,9.35,0.795
S02000620,Braidfauld,2010,123,116.9196871,11.45935333,8.3,0.89996
S02000621,Mosspark,2010,136,129.6246964,11.82402,4.2,1.06
S02000622,Pollokshields East,2010,61,78.93739509,11.93283,3.95,1.2375
S02000623,Mount Vernon North and Sandyhills,2010,37,87.8045176,11.29267,2.2,1.56
S02000624,Pollokshields West,2010,64,90.33663208,11.840615,3.7,1.57
S02000625,Cardonald South and East,2010,80,78.39280596,11.67207,7.6,0.77639
S02000626,Baillieston West,2010,90,89.4609881,11.58802,4.6,0.8425
S02000627,Cardonald West and Central,2010,103,128.4961845,11.27298,3.65,0.94
S02000628,Gorbals and Hutchesontown,2010,162,131.7581414,13.46391,6.4,1.15
S02000629,Parkhead East and Braidfauld North,2010,55,59.47091484,12.39349,7.8,0.67998
S02000630,Tollcross,2010,106,69.54107955,11.5975,8.3,0.7
S02000631,Kingston West and Dumbreck,2010,97,85.79853724,13.872775,5.6,0.9425
S02000632,Shettleston North,2010,128,103.2522065,11.97752,7.3,0.88
S02000633,Parkhead West and Barrowfield,2010,172,105.2986265,12.373355,11.35,0.82995
S02000634,Laurieston and Tradeston,2010,68,68.30091971,13.963235,7.7,1.375
S02000635,"Calton, Galllowgate and Bridgeton",2010,168,122.3292364,13.1557,6.3,1.2275
S02000636,Garrowhill West,2010,41,97.35605712,11.82965,3.1,1.375
S02000637,Cardonald North,2010,107,87.68070216,13.45529,6.6,0.8
S02000638,Craigton,2010,100,88.36484126,13.91834,5.5,0.815
S02000639,Hillington,2010,73,71.30838524,12.0099,4.65,0.775
S02000640,Greenfield,2010,125,125.8417909,11.97752,5.6,0.77
S02000641,Penilee,2010,131,126.7486844,11.24851,6.4,0.83
S02000642,Kinning Park and Festival Park,2010,100,72.47101048,14.83955,4.3,0.975
S02000643,Old Shettleston and Parkhead North,2010,107,74.64428777,11.92003,10.15,1.135
S02000644,Ibrox East and Cessnock,2010,86,61.36215661,14.6194,7.7,0.615
S02000645,Garrowhill East and Swinton,2010,47,84.57985176,12.89028,2,1.37
S02000646,Barlanark,2010,85,91.26819537,11.38274,7.2,0.815
S02000647,Gallowgate North and Bellgrove,2010,68,70.47302089,12.90258,5.8,1.165
S02000648,Carntyne West and Haghill,2010,141,100.0229413,12.6299,9.15,0.6575
S02000649,Ibrox,2010,58,52.3807307,12.71896,8.85,0.655
S02000650,Dennistoun,2010,56,72.52585149,15.5413,4.7,0.99995
S02000651,Anderston,2010,58,66.64354369,16.47406,4.1,1.3
S02000652,North Barlanark and Easterhouse South,2010,91,65.58783578,12.95549,11.4,0.965
S02000653,Easterhouse East,2010,83,62.19589879,12.546105,8,0.5
S02000654,"Cranhill, Lightburn and Queenslie South",2010,174,140.3619376,12.4596,8.25,0.8275
S02000655,City Centre West,2010,53,70.81516866,16.16719,5.05,1.3315
S02000656,Govan and Linthouse,2010,164,110.9197178,12.92016,11.25,0.64498
S02000657,Carntyne,2010,97,97.60664359,12.292235,4.9,0.71
S02000658,City Centre East,2010,139,180.540543,13.70931,3.55,1.50151
S02000659,Dennistoun North and Alexandra Parade,2010,116,132.5634768,15.39236,4.75,1
S02000660,Drumoyne and Shieldhall,2010,213,128.2215326,14.109402,6.35,0.875
S02000661,Finnieston and Kelvinhaugh,2010,63,97.59986608,13.63349,3.15,1.46
S02000662,Central Easterhouse,2010,76,57.14184261,12.76636,11.55,0.5795
S02000663,Craigend and Ruchazie,2010,153,117.5577619,12.8153,10.2,0.55
S02000664,Hillhead,2010,67,102.3045514,13.33514,4.35,1.57
S02000665,Woodlands,2010,76,88.99513069,13.67986,3.4,1.7025
S02000666,"Roystonhill, Blochairn, and Provanmill",2010,139,129.2833218,13.84716,8.15,0.6175
S02000667,Riddrie and Hogganfield,2010,114,127.627842,13.15606,6.1,0.825
S02000668,Glasgow Harbour and  Partick South,2010,52,56.06874408,13.59778,4.2,1.20771
S02000669,Woodside,2010,89,75.38401337,15.7616,4.2,1.165
S02000670,Sighthill,2010,72,61.14752925,15.02511,7.25,0.885
S02000671,Partick,2010,58,74.43833551,13.43374,5.2,1.4
S02000672,Kelvingrove and University,2010,37,83.39402017,12.99042,3.1,2.38
S02000673,Whiteinch,2010,65,61.68744648,13.84158,8.5,0.85
S02000674,"Garthamlock, Auchinlea and Gartloch",2010,97,74.40299794,11.27140143,6.45,1.2
S02000675,Firhill,2010,78,102.9680563,12.74733,5.8,1.38
S02000676,Cowlairs and Port Dundas,2010,74,82.45770954,14.69522,8.25,1.16
S02000677,Partickhill and Hyndland,2010,45,78.86908355,12.49258,1.7,2.145
S02000678,Blackhill and Barmulloch East,2010,89,74.98438733,14.092775,8.1,1.1
S02000679,Broomhill,2010,41,84.65053325,13.17315,2.8,1.86038
S02000680,Petershill,2010,65,85.05992599,13.10284,6.05,0.7975
S02000681,Dowanhill,2010,25,78.40850251,12.76242,2.2,2.45
S02000682,Victoria Park,2010,26,62.1493108,13.17315,1.75,2.5
S02000683,North Kelvin,2010,33,60.48986942,12.9228,3.2,2.42
S02000684,Scotstoun South and West,2010,106,71.77386945,17.73944,7.9,0.775
S02000685,Keppochhill,2010,121,87.56887102,12.74733,9.45,0.82
S02000686,Scotstoun North and East,2010,84,95.71409274,14.8623,3.95,1.38746
S02000687,Barmulloch,2010,70,74.80443158,13.34789,8.9,0.8
S02000688,Ruchill,2010,90,120.0127721,12.17576,4.75,1.3
S02000689,Kelvinside and Jordanhill,2010,71,136.8144725,13.01671,1.55,2.34
S02000690,Kelvindale,2010,54,123.5861621,12.15599,1.9,1.97514
S02000691,Springburn,2010,144,115.2544725,11.83964,7,0.85168
S02000692,Possil Park,2010,145,132.6850642,12.399725,9,0.8625
S02000693,Wyndford,2010,69,95.06342432,12.15599,12.3,0.79248
S02000694,Springburn East and Cowlairs,2010,69,92.63345569,12.38739,7.65,0.73
S02000695,Robroyston and Millerston,2010,37,113.4484987,12.1291875,1.95,2.21
S02000696,Yoker South,2010,60,73.27016468,12.24474,7.55,0.8995
S02000697,Balornock,2010,93,86.96302085,11.828875,7.3,0.9
S02000698,Knightswood Park East,2010,81,85.21353247,13.62365,8,1.4025
S02000699,Knightswood East,2010,87,93.43662596,13.019415,7.8,1.21
S02000700,Maryhill West,2010,55,47.60874762,11.82642,9.7,0.9
S02000701,Milton West,2010,105,88.42672936,11.7584,8.2,0.75094
S02000702,Anniesland East,2010,61,86.3451217,11.94961,2.8,1.5
S02000703,Knightswood West,2010,70,62.69622386,11.58192,5.1,1.01
S02000704,Maryhill East,2010,104,71.22510662,11.27826,8.1,0.86975
S02000705,Anniesland West,2010,148,139.8972358,12.565085,3.75,1.15
S02000706,Knightswood Park West,2010,103,93.10658599,12.30151,6.5,1.09
S02000707,Yoker North,2010,110,86.93680559,11.58192,5.35,1.2125
S02000708,Milton East,2010,85,78.14446799,11.8123,8.7,0.75
S02000709,Blairdardie East,2010,129,127.7753555,11.43972,5.9,1.01
S02000710,Summerston North,2010,80,89.52005117,11.36547,4,0.855
S02000711,Blairdardie West,2010,55,66.95033374,12.20372,3.4,1.55
S02000712,Drumchapel South,2010,88,74.59070999,11.5953,10.1,0.66
S02000713,Summerston Central and West,2010,85,74.4335074,11.12978667,5.5,2.09995
S02000714,Drumry West,2010,96,68.83667246,11.18298,7.3,0.78
S02000715,Drumchapel North,2010,88,59.71375594,11.10952,12.4,0.9
S02000716,Drumry East,2010,93,58.81216686,11.18298,13.75,0.67
S02000771,Kilmacolm Central,2010,28,63.22576011,9.101016,1.25,1.7
S02000772,"Kilmacolm, Quarriers, Greenock Upper East/Central",2010,65,87.78957034,8.467460667,1.9,2.5
S02000773,Inverkip and Wemyss Bay,2010,55,107.456619,8.739586588,1.7,1.95
S02000774,Port Glasgow Upper East,2010,88,107.349948,9.490996,6.2,0.71
S02000775,"Port Glasgow Mid, East and Central",2010,120,111.1170038,9.70867175,7.2,0.228
S02000776,"Port Glasgow Upper, West and Central",2010,89,120.4322408,9.568660333,4.3,0.95
S02000777,"West Braeside, East Inverkip and West Gourock",2010,59,104.7034319,8.946083,2.4,1.35
S02000778,Greenock East,2010,130,111.7906656,9.6793705,5.95,0.735
S02000779,"Bow Farm, Barrs Cottage, Cowdenknowes and Overton",2010,63,102.2115435,9.5128465,3.7,0.9
S02000780,Greenock Upper Central,2010,85,96.85186879,9.76872,7.7,0.61
S02000781,Greenock Town Centre and East Central,2010,157,145.6861722,10.60293,7.15,0.705
S02000782,"Braeside, Branchton, Lower Larkfield and Ravenscraig",2010,95,98.48515442,9.5388625,6.85,0.7
S02000783,"Lower Bow & Larkfield, Fancy Farm, Mallard Bowl",2010,100,103.961558,9.221979,5.95,0.72222
S02000784,Greenock West and Central,2010,98,138.041683,11.0724,3.3,1.0375
S02000785,"Gourock Central, Upper East and IRH",2010,54,103.2846599,9.217206,3.3,0.85
S02000786,Gourock Upper and West Central & Upper Larkfield,2010,71,109.0178401,9.06061,3.15,1.07
S02000787,"Gourock East, Greenock West and Lyle Road",2010,98,160.4655741,9.443821,1.8,1.815
S02000923,Stepps,2010,63,125.7199124,11.599406,2.5,1.38
S02000925,Chryston and Muirhead,2010,52,91.08650424,11.29799667,3.6,1.19475
S02000926,Moodiesburn West,2010,52,72.53779271,11.93868,6.2,0.85
S02000927,Moodiesburn East,2010,35,69.541143,12.59468,2.2,1.21
S02000983,Lochwinnoch,2010,47,64.42854438,8.841482,2.85,1.45
S02000984,Renfrewshire Rural South & Howwood,2010,64,81.94717717,8.811809209,1.9,2.30995
S02000985,Paisley Glenburn West,2010,72,102.6211977,10.33976,5.5,0.9
S02000986,Paisley Glenburn East,2010,68,72.03082064,10.33976,5.95,0.93498
S02000987,Paisley Foxbar,2010,100,117.7655955,9.968052,7,0.765
S02000988,Johnstone South West,2010,99,109.7848853,10.4625,6,0.725
S02000989,Paisley Dykebar,2010,44,76.11750686,10.325855,1.9,1.41
S02000990,Paisley South West,2010,47,113.372731,10.2654165,2.1,1.44
S02000991,Paisley South East,2010,106,146.8440462,10.676715,6,0.85
S02000992,Johnstone South East,2010,68,100.2714717,10.80809,6.5,0.73625
S02000993,Paisley South,2010,33,80.12885461,11.03701,2,1.56
S02000994,Johnstone North West,2010,71,75.68685185,10.50015,7.2,1.0375
S02000995,Paisley West,2010,95,119.791311,10.19894,4.95,1.2
S02000996,Kilbarchan,2010,47,78.88908052,9.574692,2.6,1.19
S02000997,Paisley East,2010,74,80.92016238,11.792885,6.85,0.9
S02000998,Johnstone North East,2010,69,77.3248455,11.19508,5.5,0.7215
S02000999,Elderslie and Phoenix,2010,68,123.0592112,11.18540333,2.95,1.345
S02001000,Paisley Central,2010,122,139.4584907,11.98518,5.8,0.7
S02001001,Paisley North West,2010,86,72.94992328,11.11061,10.45,0.4
S02001002,Paisley Ralston,2010,54,128.360017,11.21665,1.8,1.807
S02001003,Paisley Ferguslie,2010,84,67.50014005,11.29819,12.1,0.73998
S02001004,Paisley North East,2010,109,133.4066445,11.703695,5,0.93
S02001005,Linwood South,2010,65,96.85154694,10.87549,6.95,0.66
S02001006,Linwood North,2010,66,95.13600644,10.87549,3.85,0.8425
S02001007,Paisley Gallowhill and Hillington,2010,125,127.3704906,14.28219333,7.5,0.675
S02001008,Bridge of Weir,2010,47,107.8026392,9.034354667,2.4,2.11
S02001009,Houston South,2010,24,66.41699504,10.15151,1.3,1.64
S02001010,Paisley North,2010,80,81.9649524,12.4828,6.8,0.705
S02001011,Renfrew South,2010,108,130.0908701,13.09542,3.2,0.92
S02001012,Houston North,2010,34,65.0267049,9.7153435,2.2,2.1375
S02001013,Renfrew East,2010,56,125.703146,15.47206,1.95,1.0725
S02001014,Renfrew West,2010,103,124.8298393,13.02557,5.55,1.25
S02001015,Renfrewshire Rural North and Langbank,2010,61,109.5271753,9.628220734,1.4,2.35
S02001016,Renfrew North,2010,70,77.15380972,12.56091,5.7,1.35
S02001017,Erskine East and Inchinnan,2010,47,117.6664011,11.776355,1.5,1.675
S02001018,Erskine Central,2010,85,119.5320845,10.861375,2.15,1.12
S02001019,Erskine West,2010,88,126.3642774,10.93329,2.9,1.1
S02001020,Bishopton,2010,55,105.7626415,11.37828,1.8,1.55
S02001146,Fernhill and Cathkin,2010,76,79.16361419,10.60419,7.4,0.785
S02001148,Whitlawburn and Greenlees,2010,53,73.80667229,10.55361,7,1.36
S02001149,Vicarland and Cairns,2010,76,103.5544204,10.35606,5.8,0.88
S02001150,Burnside and Springhall,2010,91,114.9819501,10.57759,4.4,1.6
S02001152,Spittal,2010,65,71.12927963,11.0972,6.75,1.15
S02001153,Cambuslang Central,2010,50,91.91770453,11.13562,2.9,2.02555
S02001154,High Crosshill,2010,43,85.90304305,11.06191,1.8,1.58
S02001156,"Halfway, Hallside and Drumsagard",2010,78,111.8006736,10.7922445,2.9,1.64998
S02001157,Westburn and Newton,2010,78,85.52535488,10.496737,6.3,1.345
S02001158,Bankhead South,2010,38,77.18111131,11.0972,3.6,0.8925
S02001159,"Burgh, Eastfield and Silverbank",2010,67,138.6444764,11.06191,2.8,1.245
S02001160,Burnhill and Bankhead North,2010,95,84.7567941,11.49212,6.6,0.75
S02001161,Shawfield and Clincarthill,2010,85,91.18461715,11.98196667,6.2,0.92
S02001162,Farme Cross and Gallowflat North,2010,81,80.82635163,11.57245,4.85,1.085
S02001184,IZ One,2010,87,94.87957636,12.07848,7.55,0.855
S02001185,IZ Two,2010,102,109.1889908,11.54115,8.6,1.11748
S02001186,IZ Three,2010,106,128.723019,11.91621,7.25,0.9103
S02001187,IZ Four,2010,88,118.3184333,11.90426,5.5,0.9
S02001188,IZ Five,2010,109,132.4843284,11.149405,7.4,0.84995
S02001189,IZ Six,2010,60,87.32155861,11.848885,3.8,1.095
S02001190,IZ Seven,2010,78,114.7419305,11.02158,3,1.075
S02001191,IZ Eight,2010,112,106.1400622,10.653245,7.55,0.9
S02001192,IZ Nine,2010,87,147.6412376,10.698552,3.45,0.96175
S02001193,IZ Ten,2010,89,106.1258275,9.318792045,3.25,1.15
S02001194,IZ Eleven,2010,64,96.57676971,9.712990067,2.8,1.05
S02001195,IZ Twelve,2010,140,129.0541649,9.727774,7.3,1.04
S02001196,IZ Thirteen,2010,69,105.8561795,10.64397,6.4,1.05
S02001197,IZ Fourteen,2010,83,103.7559282,10.40502475,5.3,0.63
S02001198,IZ Fifteen,2010,82,110.3385741,9.7151462,4,0.7
S02001199,IZ Sixteen,2010,95,93.8940205,9.056269386,4.95,1.24998
S02001200,IZ Seventeen,2010,98,125.8925174,9.102016,3.3,0.815
S02001201,IZ Eighteen,2010,65,121.7672761,8.709704541,4.65,1.25
S02000260,Auchinairn,2011,90,107.8117626,12.98838,4.6,0.9875
S02000261,Woodhill East,2011,20,50.65173855,12.46795,1.775,1.4215
S02000262,Woodhill West,2011,58,106.4644656,12.46795,1.8,1.63
S02000263,Westerton East,2011,43,94.26178339,13.02562,1.2,2.2
S02000264,Bishopbriggs West and Cadder,2011,52,141.87639,12.85675,2.15,1.545
S02000265,Westerton West,2011,24,65.35675678,12.44253,2,1.62
S02000266,Kessington East,2011,33,69.51146155,11.81678,1.4,2.27
S02000267,Lenzie South,2011,32,79.72860856,11.80099,1.25,1.695
S02000268,Bishopbriggs North and Kenmure,2011,92,151.7749672,11.85418143,1.65,1.71
S02000269,Kessington West,2011,55,95.18273766,12.3419,1.1,2.9125
S02000270,Lenzie North,2011,71,136.5213252,12.45099125,2.8,1.4
S02000271,South Castlehill and Thorn,2011,42,101.2479922,11.8790775,1.9,3.15
S02000272,Kilmardinny West,2011,31,101.354265,12.0699,1,3.3
S02000273,Kilmardinny East,2011,26,76.8840148,11.86726,1.2,2.3
S02000274,Rosebank and Waterside,2011,30,72.29144557,11.63906182,3.1,2.325
S02000275,Kirkintilloch South,2011,28,70.08743107,12.57471,4.4,1.85
S02000276,North Castlehill and Thorn,2011,47,109.0112141,11.696105,1.1,1.75
S02000277,Hillhead,2011,103,82.84338831,12.09315,8.35,0.88
S02000278,Torrance and Balmore,2011,22,62.97813489,11.66233733,2.25,2.27498
S02000279,Keystone and Dougalston,2011,73,115.767975,11.21903846,2.3,1.5125
S02000280,Harestanes,2011,59,83.23950629,11.785655,5.3,0.95
S02000281,Kirkintilloch West,2011,79,98.85606892,11.79269,4.45,1.15
S02000282,Barloch,2011,43,89.83286102,10.69132,1.4,3.075
S02000283,Twechar and Harestanes East,2011,52,59.94739591,10.94180286,3.9,1.125
S02000284,East Clober and Mains Estate,2011,56,76.01619673,11.01093667,3.1,1.355
S02000285,West Clober and Mains Estate,2011,25,64.15755355,10.47059828,1.1,2.39
S02000286,Milton of Campsie,2011,52,95.06259308,10.37042629,2.9,1.79995
S02000287,Lennoxtown,2011,59,108.4147804,9.937880883,3.9,1.69
S02000310,Eaglesham and Waterfoot,2011,61,113.3642467,10.50100438,1.825,1.295
S02000311,Mearnskirk and South Kirkhill,2011,61,162.4027084,11.071015,1.3,2.25
S02000312,North Kirkhill,2011,25,71.29408039,11.41918667,1.5,1.75
S02000313,"Mearns Village, Westacres and Greenfarm",2011,85,121.6871983,12.133045,1.95,1.9
S02000314,West Neilston and Uplawmoor,2011,97,124.8580729,10.33547727,3.475,1.2
S02000316,Whitecraigs and Broom,2011,26,91.80457796,11.69019,0.7,4.05
S02000317,Clarkston and Sheddens,2011,64,133.628773,12.39713,1.15,2.06975
S02000318,Crookfur and Fruin,2011,81,144.0034214,11.518648,1.675,2.49997
S02000319,Williamwood,2011,32,67.0684465,12.192945,1.2,2.925
S02000320,Stamperland,2011,28,78.88626114,12.60092,1.7,1.5
S02000321,West Arthurlie and North Neilston,2011,88,132.9443919,11.10435,2.75,1
S02000322,Auchenback,2011,49,81.6852524,11.82222,7.35,0.92
S02000323,Lower Whitecraigs and South Giffnock,2011,46,92.4483948,12.98021,1,2.91
S02000324,South Thornliebank and Woodfarm,2011,64,89.97452287,12.935715,2.85,1.4975
S02000325,Netherlee,2011,61,124.024789,12.58579,1,2.495
S02000326,Merrylee and Braidbar,2011,63,131.5387203,13.03503,1.6,1.79
S02000327,North Giffnock and North Thornliebank,2011,75,101.8820678,12.86559,2.4,1.45
S02000328,"Dunterlie, East Arthurlie and Dovecothall",2011,110,133.2946767,11.927575,7.3,1
S02000329,Cross Stobbs,2011,50,78.1784338,11.48299,2.45,1.3875
S02000584,Carmunnock South,2011,84,80.26871335,11.84681833,6.65,2.215
S02000585,Glenwood South,2011,163,116.9850308,12.15281,9,0.66
S02000586,Darnley West,2011,74,87.88914811,11.71255,3.5,1.49995
S02000587,Darnley East,2011,81,89.00355024,13.15964,7.05,1.16
S02000588,Glenwood North,2011,140,76.02909322,12.66981,9.425,0.8125
S02000589,Castlemilk,2011,129,104.8321771,12.80631,7.5,0.755
S02000590,Darnley North,2011,57,65.87118839,12.918925,4.8,1.2
S02000591,Carmunnock North,2011,47,61.7889814,12.27762,2.3,1.45
S02000592,Carnwadric West,2011,122,91.80183109,12.23237,9.275,0.816
S02000593,Muirend and Old Cathcart,2011,86,112.8995098,13.60057,2.55,1.5
S02000594,Carnwadric East,2011,74,70.95011394,12.86436,5.6,0.7725
S02000595,Kingspark South,2011,52,76.63532366,13.07825,4.1,0.775
S02000596,Newlands,2011,92,116.2229898,13.26433,3.55,1.7525
S02000597,Nitshill,2011,154,113.6238476,12.70548333,8.625,0.7025
S02000598,Merrylee and Millbrae,2011,42,77.64949084,13.02471,2.35,1.57563
S02000599,Cathcart,2011,66,90.6388707,13.60057,4.7,0.93
S02000600,Kingspark North,2011,54,83.78928391,13.95496,3,0.9
S02000601,Crookston South,2011,105,82.69451379,12.49631,8.65,0.69
S02000602,Pollokshaws,2011,117,116.692566,12.4860675,5.75,0.9305
S02000603,Mount Florida,2011,48,78.64422206,13.83689,3.9,1.1
S02000604,Langside,2011,43,70.10672474,13.49018,3.4,1.17
S02000605,Shawlands East,2011,32,57.56155796,13.49018,4.35,1.125
S02000606,Crookston North,2011,77,72.22578016,13.88531,6.125,0.795
S02000607,Battlefield,2011,73,97.17811732,13.83689,3.8,1.19047
S02000608,Pollok South and West,2011,116,124.9210041,11.80041,3.25,1.47
S02000609,Shawlands West,2011,46,66.4343545,13.94831,3.475,1.131
S02000610,Toryglen and Oatlands,2011,167,132.3411561,14.59839,6.55,1.3
S02000611,Shettleston South,2011,79,89.98630422,13.67502,3.4,1
S02000612,Maxwell Park,2011,105,128.36224,12.645635,1.8,2.225
S02000613,Carmyle and Mount Vernon South,2011,85,69.13801188,13.8222,4.625,0.85
S02000614,Strathbungo,2011,75,99.73880979,13.94831,5.25,1.12
S02000615,Govanhill East and Aikenhead,2011,106,88.28457863,14.59839,6.2,0.665
S02000616,Govanhill West,2011,104,113.0107497,14.16993,6.45,0.75
S02000617,Pollok North and East,2011,130,88.44170464,12.908235,8.2,0.915
S02000618,Baillieston East,2011,113,106.1102861,13.897804,3.6,2.02498
S02000619,Dalmarnock,2011,87,79.89792128,14.27516,9.375,0.61
S02000620,Braidfauld,2011,111,117.9543344,13.40989333,9.3,0.95
S02000621,Mosspark,2011,127,130.5533988,13.71735,4.15,1.14
S02000622,Pollokshields East,2011,80,81.75534244,13.94066,4.35,1.24
S02000623,Mount Vernon North and Sandyhills,2011,73,90.23940734,13.15067,2.05,1.55375
S02000624,Pollokshields West,2011,69,91.59041717,13.85423,4.3,1.67475
S02000625,Cardonald South and East,2011,73,77.57173497,13.58898,7,0.83
S02000626,Baillieston West,2011,74,89.29977221,13.45139,4.55,0.89
S02000627,Cardonald West and Central,2011,116,128.2192576,13.19327,3.475,0.945
S02000628,Gorbals and Hutchesontown,2011,171,131.3451686,15.58088,6.65,1.1
S02000629,Parkhead East and Braidfauld North,2011,62,59.46710729,14.4245,8,0.65
S02000630,Tollcross,2011,75,70.34136662,13.52511,8.5,0.6
S02000631,Kingston West and Dumbreck,2011,84,83.58633836,16.109665,5.9,1.03
S02000632,Shettleston North,2011,121,101.3278079,13.71753,7.65,0.785
S02000633,Parkhead West and Barrowfield,2011,189,108.824606,14.37437,11.625,0.62
S02000634,Laurieston and Tradeston,2011,82,70.54082374,16.30375,7.9,1.25
S02000635,"Calton, Galllowgate and Bridgeton",2011,138,124.7765,15.32601,6.55,1.22
S02000636,Garrowhill West,2011,51,97.15329954,13.66243,3.15,1.2
S02000637,Cardonald North,2011,97,89.18402167,15.5226,6.6,0.825
S02000638,Craigton,2011,105,87.70247896,15.815035,6.6,0.7375
S02000639,Hillington,2011,72,71.55485133,14.03662,4.625,0.745
S02000640,Greenfield,2011,153,126.2672405,13.71753,5.75,0.7425
S02000641,Penilee,2011,148,127.5939957,13.15009,6.4,0.8
S02000642,Kinning Park and Festival Park,2011,66,72.05270639,17.03028,4.8,1.025
S02000643,Old Shettleston and Parkhead North,2011,98,77.74342437,13.73114,10.5,1.08995
S02000644,Ibrox East and Cessnock,2011,50,62.64322549,16.59513,7.4,0.65
S02000645,Garrowhill East and Swinton,2011,69,85.33448697,14.69729,1.9,1.38245
S02000646,Barlanark,2011,114,91.03806296,13.192455,7.3,0.7
S02000647,Gallowgate North and Bellgrove,2011,75,70.91115229,14.9785,5.4,1.2
S02000648,Carntyne West and Haghill,2011,134,99.15018961,14.59697,9.125,0.5275
S02000649,Ibrox,2011,50,50.08417815,14.45701,8.925,0.8
S02000650,Dennistoun,2011,47,74.08858743,17.61528,4.95,0.99973
S02000651,Anderston,2011,43,69.29036766,18.7671,4,1.68
S02000652,North Barlanark and Easterhouse South,2011,73,64.75469467,14.82209,12.3,0.45
S02000653,Easterhouse East,2011,87,61.66444317,14.05625,7.7,0.555
S02000654,"Cranhill, Lightburn and Queenslie South",2011,167,138.8594123,14.11792,8.525,0.7275
S02000655,City Centre West,2011,52,72.28629979,18.33481,5.225,1.32637
S02000656,Govan and Linthouse,2011,151,115.5009176,14.55654,11.85,0.93
S02000657,Carntyne,2011,98,97.35608617,14.052305,5.1,0.88
S02000658,City Centre East,2011,132,180.3045251,15.67662,3.4,1.265
S02000659,Dennistoun North and Alexandra Parade,2011,164,131.3803992,17.18156,4.65,0.99
S02000660,Drumoyne and Shieldhall,2011,187,129.4643141,15.674356,7.05,0.8
S02000661,Finnieston and Kelvinhaugh,2011,61,101.8433793,15.72886,3.125,1.49012
S02000662,Central Easterhouse,2011,74,55.86808323,14.23656,10.85,0.525
S02000663,Craigend and Ruchazie,2011,149,115.9631081,14.57192,10.05,0.55
S02000664,Hillhead,2011,80,104.4167289,14.95742,4.1,1.61
S02000665,Woodlands,2011,75,92.45952889,15.3253,3.55,1.85
S02000666,"Roystonhill, Blochairn, and Provanmill",2011,145,131.7755676,15.1666,7.95,0.8975
S02000667,Riddrie and Hogganfield,2011,172,127.9789365,14.72058333,6.35,0.74
S02000668,Glasgow Harbour and  Partick South,2011,54,59.3334016,15.287455,4.5,1.25
S02000669,Woodside,2011,78,77.50530973,17.70958,4.35,1.125
S02000670,Sighthill,2011,42,57.54776272,16.33297,6.6,1.05
S02000671,Partick,2011,66,74.90695528,15.18385,5.1,1.35
S02000672,Kelvingrove and University,2011,38,85.1038634,14.58954,3.15,2.3
S02000673,Whiteinch,2011,86,61.67896815,15.27725,7.8,0.82
S02000674,"Garthamlock, Auchinlea and Gartloch",2011,76,77.02578637,12.63081,6.275,1.35
S02000675,Firhill,2011,79,103.5773479,14.07658,5.85,1.24875
S02000676,Cowlairs and Port Dundas,2011,101,83.17594211,16.31701,8.3,0.9125
S02000677,Partickhill and Hyndland,2011,29,78.30856898,13.86034,1.7,2.1815
S02000678,Blackhill and Barmulloch East,2011,84,76.36703437,15.68521,8.45,0.8825
S02000679,Broomhill,2011,56,85.43309375,14.36014,2.55,1.76025
S02000680,Petershill,2011,78,85.2892988,14.44195,5.7,0.61
S02000681,Dowanhill,2011,35,79.4248828,14.26064,2.1,2.75
S02000682,Victoria Park,2011,43,61.8679555,14.36014,2.2,2.3
S02000683,North Kelvin,2011,34,62.54765473,14.35502,3,2.2
S02000684,Scotstoun South and West,2011,90,70.6072854,18.42622,7.7,0.88
S02000685,Keppochhill,2011,108,87.42746042,14.07658,9.575,0.675
S02000686,Scotstoun North and East,2011,71,97.47409716,15.01193,4.075,2.36525
S02000687,Barmulloch,2011,68,75.37237913,14.69086,8.2,0.705
S02000688,Ruchill,2011,99,122.045256,13.38674,5.15,1.345
S02000689,Kelvinside and Jordanhill,2011,91,137.5563213,13.71023,1.625,2.3
S02000690,Kelvindale,2011,62,127.8651128,13.38072,1.95,1.75
S02000691,Springburn,2011,165,112.1618749,12.99287,7.25,0.71
S02000692,Possil Park,2011,184,133.2098496,13.69496,8.8,0.87365
S02000693,Wyndford,2011,107,93.39908991,13.38072,13.1,0.68
S02000694,Springburn East and Cowlairs,2011,94,95.61618795,13.69703,7.8,0.62
S02000695,Robroyston and Millerston,2011,41,118.1394384,13.3684225,2.25,1.6
S02000696,Yoker South,2011,69,73.70804351,13.31278,7.05,0.9
S02000697,Balornock,2011,84,86.75522956,12.99632,7.3,0.71
S02000698,Knightswood Park East,2011,85,86.02012773,13.3582,8.2,1.385
S02000699,Knightswood East,2011,96,91.67740762,13.51651,7.8,1.09
S02000700,Maryhill West,2011,49,49.18978253,12.95135,9.7,0.88945
S02000701,Milton West,2011,103,87.63373973,12.83422,8.1,0.695
S02000702,Anniesland East,2011,50,87.73708947,13.102255,2.9,1.575
S02000703,Knightswood West,2011,72,62.22540698,12.90968,5.2,0.87
S02000704,Maryhill East,2011,91,71.4270839,12.34169,8.25,0.76225
S02000705,Anniesland West,2011,138,142.1227397,13.461505,3.9,1.14
S02000706,Knightswood Park West,2011,99,90.98675039,13.45202,6.35,0.92
S02000707,Yoker North,2011,108,85.57560913,12.90968,5.525,1.065
S02000708,Milton East,2011,83,77.50522303,12.8656,10.35,0.8
S02000709,Blairdardie East,2011,105,127.8448369,12.44253,5.95,1
S02000710,Summerston North,2011,80,90.93381423,12.41217,4.1,0.95
S02000711,Blairdardie West,2011,72,66.98665635,13.68893,2.85,1.1925
S02000712,Drumchapel South,2011,84,76.1349908,12.86195,10.3,0.5225
S02000713,Summerston Central and West,2011,83,75.73047972,12.11520333,5.55,1.9
S02000714,Drumry West,2011,94,67.7641495,12.29466,7.7,0.79
S02000715,Drumchapel North,2011,91,60.70767168,12.16286,11.9,0.86
S02000716,Drumry East,2011,96,58.68919213,12.29466,13.05,0.57
S02000771,Kilmacolm Central,2011,28,63.36007181,10.41842,1.525,1.82
S02000772,"Kilmacolm, Quarriers, Greenock Upper East/Central",2011,52,88.38686933,9.646869459,2.4,1.3
S02000773,Inverkip and Wemyss Bay,2011,59,111.7572356,9.587817882,1.75,1.93
S02000774,Port Glasgow Upper East,2011,117,107.8753269,10.77463,6.3,0.705
S02000775,"Port Glasgow Mid, East and Central",2011,124,109.3230306,10.98851,7.9,0.285
S02000776,"Port Glasgow Upper, West and Central",2011,113,122.0609176,10.88168,4.6,0.94737
S02000777,"West Braeside, East Inverkip and West Gourock",2011,68,106.5876139,9.820015077,2.65,1.51
S02000778,Greenock East,2011,141,113.8343258,11.144795,6.55,1.07
S02000779,"Bow Farm, Barrs Cottage, Cowdenknowes and Overton",2011,63,101.4935574,10.900465,4.85,0.93
S02000780,Greenock Upper Central,2011,91,93.94687328,11.96558,8.8,0.6754
S02000781,Greenock Town Centre and East Central,2011,147,143.6837861,12.36856,7.275,0.6
S02000782,"Braeside, Branchton, Lower Larkfield and Ravenscraig",2011,81,99.61489357,10.665605,7.8,0.59
S02000783,"Lower Bow & Larkfield, Fancy Farm, Mallard Bowl",2011,95,102.9967853,10.33805,6.85,0.685
S02000784,Greenock West and Central,2011,105,139.2012788,12.51736,4.65,0.95
S02000785,"Gourock Central, Upper East and IRH",2011,74,102.8211573,10.26873,3.6,0.855
S02000786,Gourock Upper and West Central & Upper Larkfield,2011,92,108.7751659,10.08163,3.225,0.99
S02000787,"Gourock East, Greenock West and Lyle Road",2011,88,161.1906955,10.61232,1.7,1.65
S02000923,Stepps,2011,63,127.8662477,12.534227,2.6,1.65
S02000925,Chryston and Muirhead,2011,63,92.63665973,12.204065,3.6,1.05
S02000926,Moodiesburn West,2011,74,74.00904472,12.76649,6.5,0.84
S02000927,Moodiesburn East,2011,49,71.50265501,13.594625,2,1.1725
S02000983,Lochwinnoch,2011,49,64.71697749,9.960004,2.775,1.08684
S02000984,Renfrewshire Rural South & Howwood,2011,64,83.51581433,9.935343538,1.9,2.30285
S02000985,Paisley Glenburn West,2011,90,101.9498086,11.76568,6.4,0.8
S02000986,Paisley Glenburn East,2011,63,71.17861914,11.76568,6.025,1.05
S02000987,Paisley Foxbar,2011,136,116.1609949,11.3093,7.75,0.76842
S02000988,Johnstone South West,2011,109,111.7141176,11.64615,6.7,0.7211
S02000989,Paisley Dykebar,2011,52,78.27282048,11.7969225,1.7,1.37
S02000990,Paisley South West,2011,51,114.2000713,11.64786,2.15,1.33
S02000991,Paisley South East,2011,120,147.3891435,12.154345,6.4,0.69
S02000992,Johnstone South East,2011,78,102.3855542,11.71739,7.5,0.75
S02000993,Paisley South,2011,50,80.75275741,12.402515,1.9,1.475
S02000994,Johnstone North West,2011,89,75.78705237,11.69549,8.5,0.92998
S02000995,Paisley West,2011,106,123.1871759,11.54629,5.25,0.76
S02000996,Kilbarchan,2011,48,79.8287985,10.75493,2.85,0.8675
S02000997,Paisley East,2011,90,81.23510452,13.351535,7.3,0.85
S02000998,Johnstone North East,2011,93,77.65083349,12.37292,5.65,0.95998
S02000999,Elderslie and Phoenix,2011,87,125.2416018,12.38413333,3.35,1.25
S02001000,Paisley Central,2011,131,143.4390516,13.47421,6.45,0.744
S02001001,Paisley North West,2011,95,72.11001515,12.4977,12,0.84
S02001002,Paisley Ralston,2011,76,128.435228,12.70659,1.6,1.945
S02001003,Paisley Ferguslie,2011,129,67.50002091,12.588025,12.8,0.74975
S02001004,Paisley North East,2011,139,131.0330007,13.00805,5.6,1.125
S02001005,Linwood South,2011,89,97.91746321,11.93755,7.4,0.8
S02001006,Linwood North,2011,97,94.72220707,11.93755,4.2,0.8
S02001007,Paisley Gallowhill and Hillington,2011,151,126.4580499,15.46219333,7.55,0.695
S02001008,Bridge of Weir,2011,46,109.7984259,10.21531,2.4,1.55
S02001009,Houston South,2011,35,68.02588578,10.93153,1.3,2.12
S02001010,Paisley North,2011,88,84.61773704,13.78007,7.2,0.73685
S02001011,Renfrew South,2011,100,131.2840756,14.25012,3.1,0.85
S02001012,Houston North,2011,35,66.44561375,10.619565,1.85,1.995
S02001013,Renfrew East,2011,85,128.1786747,16.14488,2.05,1.08
S02001014,Renfrew West,2011,146,129.3276848,14.41114333,5.725,1.02623
S02001015,Renfrewshire Rural North and Langbank,2011,52,116.2552353,10.746282,1.6,2.305
S02001016,Renfrew North,2011,67,80.55726464,13.333965,5.8,1.2395
S02001017,Erskine East and Inchinnan,2011,74,119.4925078,12.156985,1.5,1.6825
S02001018,Erskine Central,2011,109,121.0627469,11.58486,2.275,0.97
S02001019,Erskine West,2011,93,126.777422,12.0198,2.95,1.06
S02001020,Bishopton,2011,39,109.1500984,11.76066,1.75,1.5
S02001146,Fernhill and Cathkin,2011,88,80.79568427,12.57811,7.35,1.1275
S02001148,Whitlawburn and Greenlees,2011,47,75.92780959,12.42111,7.1,1.86
S02001149,Vicarland and Cairns,2011,102,103.9894436,12.18415,5.85,0.825
S02001150,Burnside and Springhall,2011,85,116.5644685,12.54661,4.6,1.3
S02001152,Spittal,2011,68,70.93765364,13.08756,6.625,1.14998
S02001153,Cambuslang Central,2011,55,93.93919154,13.11291,2.95,1.81
S02001154,High Crosshill,2011,59,85.80115347,13.10769,1.7,1.40495
S02001156,"Halfway, Hallside and Drumsagard",2011,60,115.8647143,12.5139225,2.95,1.55
S02001157,Westburn and Newton,2011,86,88.61799292,12.32004,6.75,1.455
S02001158,Bankhead South,2011,43,77.89875634,13.08756,3.5,0.775
S02001159,"Burgh, Eastfield and Silverbank",2011,91,139.695464,13.10769,2.9,1.275
S02001160,Burnhill and Bankhead North,2011,78,83.84441563,13.52414,7,0.78
S02001161,Shawfield and Clincarthill,2011,83,90.10797004,14.05767667,6.4,0.79995
S02001162,Farme Cross and Gallowflat North,2011,88,85.94414319,13.61270667,5.7,0.81
S02001184,IZ One,2011,100,94.31914963,13.21405,8.7,0.84
S02001185,IZ Two,2011,114,113.9801177,12.590045,9.15,1.00998
S02001186,IZ Three,2011,137,128.1893303,13.03916,8.15,0.65
S02001187,IZ Four,2011,110,117.7305228,12.9302,5.45,0.95
S02001188,IZ Five,2011,128,132.0148672,12.140265,8.5,0.9
S02001189,IZ Six,2011,60,86.56430261,12.8702,3.8,1.05
S02001190,IZ Seven,2011,77,115.0523571,12.093715,3.15,1.165
S02001191,IZ Eight,2011,116,106.2618782,11.543225,8.25,0.7825
S02001192,IZ Nine,2011,89,148.5341536,11.938808,3.35,1.295
S02001193,IZ Ten,2011,69,106.8659669,10.25018541,3.3,1.25
S02001194,IZ Eleven,2011,66,97.30977805,10.64307247,2.9,1.2
S02001195,IZ Twelve,2011,143,131.0555137,10.92992667,8.55,0.85
S02001196,IZ Thirteen,2011,83,103.9446259,11.9887,7.15,1.06132
S02001197,IZ Fourteen,2011,85,105.1431201,11.4875325,6.05,0.63
S02001198,IZ Fifteen,2011,105,113.9384178,10.7557283,4.8,0.78
S02001199,IZ Sixteen,2011,115,94.6287073,10.00954059,5.3,1.12631
S02001200,IZ Seventeen,2011,116,126.1144889,10.114156,4.1,0.8421
S02001201,IZ Eighteen,2011,101,122.7093213,9.600679,4.825,1.4
